timestamp,acceleration
0.0,0.012
0.025,0.012
0.115,0.011
0.127,0.012
0.192,0.011
0.224,0.012
0.259,0.012
0.29,0.011
0.36,0.011
0.4,0.012
0.405,0.012
0.474,0.011
0.515,0.012
0.529,0.011
0.612,0.011
0.616,0.012
0.665,0.012
0.669,0.011
0.793,0.012
0.794,0.011
0.835,0.011
0.855,0.012
0.904,0.011
0.925,0.012
0.97,0.012
1.032,0.011
1.104,0.012
1.114,0.011
1.143,0.011
1.187,0.012
1.234,0.011
1.243,0.012
1.309,0.012
1.34,0.011
1.409,0.012
1.434,0.011
1.475,0.012
1.531,0.011
1.549,0.012
1.552,0.011
1.649,0.011
1.654,0.012
1.747,0.011
1.752,0.012
1.855,0.011
1.859,0.012
1.902,0.012
1.916,0.011
1.985,0.011
2.016,0.012
2.047,0.012
2.075,0.011
2.141,0.012
2.182,0.011
2.221,0.011
2.225,0.012
2.3,0.011
2.31,0.012
2.355,0.011
2.381,0.012
2.432,0.011
2.443,0.012
2.542,0.012
2.57,0.011
2.608,0.011
2.654,0.012
2.673,0.011
2.687,0.012
2.778,0.012
2.801,0.011
2.89,0.011
2.894,0.012
2.952,0.011
2.957,0.012
3.012,0.011
3.025,0.012
3.118,0.012
3.119,0.011
3.199,0.011
3.21,0.012
3.262,0.012
3.28,0.011
3.356,0.012
3.376,0.011
3.436,0.011
3.465,0.012
3.477,0.011
3.543,0.012
3.559,0.012
3.633,0.011
3.655,0.012
3.674,0.011
3.742,0.011
3.76,0.012
3.835,0.011
3.867,0.012
3.899,0.011
3.905,0.012
3.975,0.011
4.032,0.012
4.076,0.012
4.115,0.011
4.141,0.012
4.162,0.011
4.205,0.012
4.215,0.011
4.296,0.011
4.302,0.012
4.394,0.012
4.42,0.01
4.451,0.011
4.51,0.012
4.581,0.011
4.607,0.012
4.624,0.011
4.676,0.012
4.732,0.011
4.736,0.012
4.776,0.011
4.827,0.012
4.9,0.011
4.927,0.012
4.968,0.012
4.999,0.011
5.051,0.011
5.059,0.012
5.133,0.012
5.162,0.011
5.181,0.012
5.238,0.011
5.263,0.011
5.332,0.012
5.352,0.011
5.387,0.012
5.476,0.012
5.48,0.011
5.527,0.011
5.539,0.012
5.58,0.012
5.595,0.011
5.671,0.012
5.717,0.011
5.782,0.012
5.802,0.011
5.833,0.011
5.887,0.012
5.923,0.011
5.932,0.012
6.009,0.012
6.021,0.011
6.091,0.011
6.103,0.012
6.198,0.011
6.207,0.012
6.234,0.011
6.275,0.013
6.315,0.012
6.356,0.011
6.43,0.011
6.45,0.012
6.482,0.012
6.537,0.011
6.604,0.011
6.614,0.012
6.652,0.012
6.673,0.011
6.724,0.012
6.732,0.011
6.807,0.011
6.848,0.012
6.927,0.012
6.93,0.011
6.96,0.012
6.992,0.01
7.038,0.012
7.102,0.011
7.123,0.011
7.174,0.012
7.222,0.012
7.262,0.011
7.308,0.011
7.347,0.012
7.365,0.011
7.408,0.012
7.463,0.012
7.5,0.011
7.521,0.012
7.554,0.011
7.606,0.012
7.658,0.011
7.71,0.012
7.758,0.011
7.767,0.011
7.779,0.012
7.877,0.012
7.884,0.011
7.946,0.011
7.959,0.012
8.006,0.011
8.022,0.012
8.101,0.012
8.156,0.011
8.217,0.011
8.243,0.012
8.263,0.011
8.307,0.012
8.335,0.011
8.341,0.012
8.422,0.012
8.446,0.011
8.502,0.012
8.55,0.011
8.58,0.011
8.583,0.012
8.662,0.012
8.666,0.011
8.802,0.011
8.805,0.012
8.852,0.012
8.865,0.011
8.936,0.011
8.952,0.012
9.008,0.011
9.014,0.012
9.063,0.012
9.072,0.011
9.137,0.012
9.19,0.011
9.245,0.011
9.295,0.012
9.352,0.011
9.369,0.012
9.4,0.011
9.432,0.012
9.474,0.011
9.508,0.012
9.543,0.011
9.548,0.012
9.645,0.012
9.685,0.011
9.737,0.011
9.742,0.012
9.827,0.012
9.829,0.011
9.862,0.011
9.929,0.012
9.987,0.011
10.007,0.012
10.035,0.011
10.04,0.012
10.153,0.012
10.161,0.011
10.231,0.011
10.246,0.012
10.311,0.012
10.337,0.011
10.378,0.012
10.383,0.011
10.467,0.012
10.501,0.011
10.527,0.012
10.568,0.011
10.62,0.011
10.656,0.012
10.674,0.012
10.739,0.011
10.793,0.012
10.82,0.011
10.85,0.011
10.9,0.012
10.955,0.012
10.979,0.011
11.023,0.011
11.072,0.012
11.132,0.012
11.142,0.011
11.18,0.011
11.222,0.012
11.256,0.012
11.294,0.011
11.33,0.012
11.339,0.011
11.403,0.011
11.414,0.012
11.5,0.012
11.501,0.011
11.603,0.011
11.611,0.012
11.693,0.012
11.719,0.011
11.786,0.012
11.8,0.011
11.829,0.012
11.83,0.011
11.896,0.012
11.94,0.011
12.022,0.012
12.028,0.011
12.058,0.011
12.077,0.012
12.172,0.011
12.179,0.012
12.232,0.011
12.258,0.012
12.322,0.012
12.348,0.011
12.392,0.011
12.394,0.012
12.501,0.012
12.522,0.011
12.562,0.012
12.588,0.011
12.614,0.011
12.689,0.012
12.744,0.012
12.759,0.011
12.777,0.011
12.797,0.012
12.885,0.011
12.927,0.012
12.97,0.011
13.006,0.012
13.038,0.012
13.06,0.011
13.148,0.012
13.172,0.011
13.208,0.012
13.226,0.011
13.305,0.012
13.328,0.011
13.355,0.012
13.411,0.011
13.432,0.012
13.487,0.011
13.517,0.011
13.561,0.013
13.602,0.011
13.635,0.012
13.695,0.012
13.703,0.011
13.784,0.012
13.815,0.011
13.859,0.011
13.887,0.012
13.907,0.011
13.96,0.012
14.009,0.011
14.013,0.012
14.102,0.012
14.12,0.011
14.192,0.012
14.199,0.011
14.237,0.01
14.298,0.012
14.352,0.011
14.363,0.012
14.427,0.011
14.43,0.012
14.491,0.011
14.5,0.012
14.58,0.012
14.591,0.011
14.655,0.012
14.691,0.011
14.72,0.011
14.746,0.012
14.793,0.012
14.821,0.011
14.875,0.011
14.907,0.012
14.975,0.011
15.018,0.012
15.066,0.012
15.092,0.011
15.162,0.012
15.195,0.011
15.228,0.011
15.246,0.012
15.294,0.011
15.343,0.012
15.41,0.011
15.431,0.013
15.458,0.012
15.513,0.011
15.52,0.011
15.561,0.012
15.657,0.011
15.658,0.012
15.686,0.012
15.71,0.011
15.776,0.012
15.79,0.011
15.885,0.012
15.921,0.011
15.96,0.012
15.965,0.011
16.023,0.012
16.027,0.011
16.09,0.012
16.16,0.011
16.168,0.012
16.185,0.011
16.259,0.012
16.28,0.01
16.343,0.012
16.392,0.011
16.438,0.011
16.478,0.012
16.506,0.011
16.567,0.012
16.62,0.011
16.627,0.012
16.663,0.012
16.702,0.011
16.77,0.012
16.795,0.011
16.825,0.011
16.832,0.012
16.921,0.012
16.922,0.011
17.025,0.012
17.043,0.011
17.083,0.011
17.13,0.013
17.149,0.011
17.152,0.012
17.255,0.012
17.298,0.011
17.317,0.011
17.35,0.012
17.414,0.011
17.452,0.012
17.464,0.012
17.482,0.011
17.57,0.012
17.588,0.011
17.639,0.011
17.655,0.012
17.728,0.012
17.742,0.011
17.837,0.012
17.862,0.011
17.886,0.012
17.893,0.011
18.017,0.011
18.02,0.012
18.062,0.012
18.093,0.011
18.139,0.011
18.153,0.012
18.222,0.012
18.23,0.011
18.315,0.012
18.341,0.011
18.405,0.011
18.412,0.012
18.466,0.012
18.501,0.011
18.567,0.012
18.585,0.011
18.637,0.012
18.64,0.011
18.692,0.012
18.749,0.011
18.769,0.011
18.822,0.012
18.875,0.011
18.881,0.012
18.92,0.011
18.926,0.012
19.042,0.011
19.048,0.012
19.125,0.012
19.14,0.011
19.164,0.012
19.209,0.011
19.247,0.011
19.285,0.012
19.337,0.012
19.382,0.011
19.415,0.011
19.426,0.012
19.491,0.011
19.533,0.012
19.571,0.012
19.616,0.011
19.653,0.012
19.719,0.011
19.765,0.012
19.781,0.011
19.818,0.011
19.84,0.012
19.904,0.011
19.913,0.012
20.009,0.011
20.03,0.012
20.076,0.012
20.077,0.011
20.156,0.012
20.187,0.011
20.222,0.011
20.247,0.012
20.335,0.012
20.356,0.011
20.383,0.012
20.405,0.011
20.457,0.012
20.506,0.011
20.547,0.012
20.576,0.01
20.656,0.012
20.672,0.011
20.74,0.011
20.749,0.012
20.82,0.012
20.836,0.011
20.858,0.011
20.927,0.012
20.937,0.011
21.002,0.012
21.033,0.012
21.045,0.011
21.14,0.012
21.154,0.011
21.242,0.011
21.246,0.012
21.272,0.011
21.277,0.012
21.373,0.011
21.419,0.012
21.439,0.012
21.487,0.011
21.558,0.011
21.568,0.012
21.639,0.011
21.649,0.012
21.697,0.012
21.7,0.011
21.78,0.012
21.79,0.011
21.853,0.012
21.865,0.011
21.91,0.012
21.915,0.011
22.0,0.012
22.063,0.011
22.072,0.012
22.108,0.011
22.187,0.012
22.223,0.011
22.254,0.012
22.263,0.011
22.339,0.012
22.345,0.011
22.404,0.012
22.43,0.011
22.509,0.011
22.537,0.012
22.554,0.011
22.592,0.012
22.662,0.012
22.665,0.011
22.722,0.011
22.735,0.012
22.812,0.012
22.816,0.011
22.953,0.012
22.955,0.011
23.029,0.012
23.036,0.011
23.079,0.012
23.111,0.011
23.166,0.012
23.194,0.011
23.256,0.011
23.279,0.012
23.302,0.011
23.349,0.012
23.392,0.011
23.404,0.012
23.464,0.011
23.482,0.012
23.563,0.011
23.565,0.012
23.611,0.012
23.67,0.011
23.702,0.012
23.764,0.011
23.819,0.011
23.839,0.012
23.855,0.011
23.88,0.012
23.982,0.012
23.99,0.011
24.02,0.012
24.083,0.011
24.098,0.011
24.13,0.012
24.178,0.011
24.228,0.012
24.26,0.011
24.28,0.012
24.38,0.011
24.395,0.012
24.428,0.011
24.465,0.012
24.558,0.012
24.56,0.011
24.596,0.011
24.65,0.012
24.677,0.011
24.732,0.012
24.764,0.012
24.81,0.011
24.825,0.012
24.851,0.011
24.897,0.012
24.931,0.011
24.982,0.012
25.032,0.011
25.086,0.012
25.126,0.011
25.147,0.011
25.195,0.012
25.281,0.011
25.295,0.012
25.307,0.011
25.373,0.012
25.405,0.011
25.461,0.012
25.477,0.011
25.513,0.012
25.557,0.011
25.612,0.012
25.687,0.012
25.689,0.011
25.725,0.011
25.763,0.012
25.826,0.012
25.866,0.011
25.899,0.012
25.935,0.011
25.96,0.012
25.967,0.011
26.067,0.011
26.085,0.012
26.159,0.011
26.189,0.012
26.219,0.012
26.233,0.011
26.308,0.012
26.324,0.011
26.363,0.011
26.4,0.012
26.439,0.012
26.461,0.011
26.549,0.012
26.57,0.011
26.617,0.012
26.656,0.011
26.689,0.011
26.742,0.012
26.801,0.012
26.821,0.011
26.9,0.012
26.917,0.011
26.935,0.011
26.99,0.012
27.012,0.012
27.077,0.011
27.084,0.012
27.131,0.011
27.181,0.012
27.206,0.011
27.259,0.011
27.288,0.012
27.347,0.012
27.387,0.011
27.406,0.012
27.42,0.011
27.501,0.012
27.525,0.011
27.594,0.011
27.637,0.012
27.714,0.011
27.722,0.012
27.755,0.011
27.778,0.012
27.808,0.012
27.851,0.011
27.895,0.011
27.91,0.012
27.997,0.012
28.0,0.011
28.097,0.012
28.129,0.011
28.13,0.012
28.147,0.011
28.236,0.011
28.258,0.012
28.314,0.011
28.368,0.012
28.392,0.012
28.415,0.011
28.489,0.012
28.491,0.011
28.561,0.011
28.607,0.012
28.623,0.012
28.664,0.011
28.7,0.011
28.717,0.012
28.807,0.011
28.834,0.012
28.888,0.012
28.912,0.011
29.002,0.012
29.009,0.011
29.021,0.011
29.083,0.012
29.113,0.011
29.169,0.012
29.195,0.012
29.216,0.011
29.301,0.012
29.316,0.011
29.352,0.012
29.38,0.011
29.425,0.011
29.501,0.012
29.505,0.012
29.574,0.011
29.63,0.011
29.662,0.012
29.72,0.012
29.725,0.011
29.779,0.012
29.813,0.011
29.831,0.012
29.874,0.011
29.98,0.012
29.981,0.011
29.996,0.012
30.005,0.011
30.077,0.012
30.131,0.011
30.174,0.011
30.206,0.012
30.284,0.012
30.305,0.011
30.34,0.011
30.378,0.012
30.4,0.012
30.446,0.01
30.487,0.011
30.539,0.012
30.566,0.012
30.62,0.011
30.64,0.012
30.66,0.011
30.74,0.012
30.766,0.011
30.815,0.012
30.857,0.011
30.911,0.011
30.919,0.012
30.999,0.012
31.039,0.011
31.081,0.011
31.107,0.012
31.181,0.011
31.19,0.012
31.207,0.012
31.239,0.011
31.302,0.012
31.356,0.011
31.364,0.011
31.366,0.012
31.507,0.011
31.515,0.012
31.577,0.011
31.586,0.012
31.612,0.012
31.632,0.011
31.72,0.011
31.734,0.012
31.775,0.012
31.794,0.011
31.869,0.011
31.9,0.012
31.936,0.011
31.989,0.012
32.031,0.011
32.046,0.012
32.15,0.011
32.151,0.012
32.19,0.011
32.236,0.012
32.272,0.011
32.321,0.012
32.344,0.011
32.389,0.012
32.427,0.012
32.437,0.011
32.544,0.011
32.557,0.012
32.579,0.012
32.605,0.011
32.661,0.012
32.704,0.011
32.769,0.012
32.796,0.011
32.857,0.011
32.872,0.012
32.941,0.012
32.95,0.011
33.006,0.011
33.047,0.012
33.077,0.011
33.087,0.012
33.172,0.012
33.22,0.011
33.242,0.011
33.288,0.012
33.33,0.011
33.365,0.012
33.409,0.012
33.433,0.011
33.537,0.012
33.539,0.011
33.599,0.011
33.612,0.012
33.645,0.012
33.671,0.011
33.75,0.012
33.775,0.011
33.799,0.011
33.836,0.012
33.891,0.012
33.928,0.011
33.987,0.012
33.995,0.011
34.032,0.012
34.055,0.011
34.122,0.011
34.152,0.012
34.204,0.011
34.249,0.012
34.31,0.012
34.311,0.011
34.397,0.012
34.418,0.011
34.472,0.011
34.476,0.012
34.538,0.012
34.595,0.011
34.608,0.011
34.625,0.012
34.677,0.011
34.737,0.012
34.795,0.011
34.819,0.012
34.902,0.012
34.908,0.011
34.922,0.012
34.956,0.011
35.007,0.012
35.068,0.011
35.087,0.011
35.16,0.012
35.205,0.011
35.219,0.012
35.244,0.012
35.279,0.011
35.33,0.011
35.382,0.012
35.442,0.011
35.482,0.012
35.49,0.012
35.533,0.011
35.603,0.012
35.616,0.011
35.674,0.011
35.709,0.012
35.752,0.011
35.753,0.012
35.812,0.011
35.822,0.012
35.949,0.011
35.969,0.012
36.042,0.011
36.05,0.012
36.058,0.011
36.08,0.012
36.142,0.012
36.152,0.011
36.285,0.011
36.287,0.012
36.304,0.012
36.313,0.011
36.422,0.011
36.438,0.012
36.479,0.011
36.489,0.012
36.586,0.012
36.601,0.011
36.659,0.012
36.687,0.011
36.738,0.012
36.74,0.011
36.801,0.012
36.849,0.011
36.873,0.012
36.896,0.011
36.943,0.012
36.978,0.011
37.06,0.011
37.1,0.012
37.13,0.011
37.137,0.012
37.218,0.011
37.227,0.012
37.309,0.011
37.338,0.012
37.353,0.012
37.381,0.011
37.452,0.012
37.489,0.011
37.567,0.012
37.576,0.011
37.591,0.012
37.593,0.011
37.7,0.011
37.716,0.012
37.75,0.011
37.781,0.012
37.861,0.011
37.887,0.012
37.944,0.011
37.989,0.012
38.057,0.012
38.069,0.011
38.079,0.011
38.101,0.012
38.165,0.012
38.18,0.011
38.258,0.011
38.272,0.012
38.325,0.012
38.34,0.011
38.411,0.011
38.421,0.012
38.528,0.011
38.555,0.012
38.58,0.012
38.584,0.011
38.64,0.011
38.691,0.012
38.752,0.011
38.77,0.012
38.805,0.012
38.827,0.011
38.93,0.011
38.946,0.012
38.963,0.012
39.005,0.011
39.057,0.012
39.081,0.011
39.155,0.012
39.165,0.011
39.205,0.011
39.266,0.012
39.35,0.011
39.352,0.012
39.388,0.012
39.446,0.011
39.448,0.012
39.475,0.011
39.58,0.011
39.592,0.012
39.613,0.011
39.656,0.012
39.737,0.012
39.747,0.011
39.786,0.012
39.845,0.011
39.859,0.012
39.876,0.011
39.952,0.012
39.964,0.011
40.019,0.012
40.047,0.011
40.126,0.012
40.157,0.011
40.202,0.011
40.233,0.012
40.279,0.011
40.297,0.012
40.35,0.012
40.36,0.011
40.448,0.012
40.45,0.011
40.541,0.011
40.569,0.012
40.582,0.011
40.643,0.012
40.697,0.012
40.712,0.011
40.757,0.011
40.782,0.012
40.834,0.012
40.852,0.011
40.916,0.012
40.98,0.011
41.026,0.011
41.055,0.012
41.082,0.011
41.087,0.012
41.163,0.011
41.17,0.012
41.281,0.011
41.288,0.012
41.324,0.012
41.338,0.011
41.391,0.012
41.433,0.011
41.5,0.011
41.542,0.012
41.552,0.012
41.57,0.011
41.663,0.012
41.71,0.011
41.741,0.012
41.78,0.011
41.796,0.012
41.82,0.011
41.883,0.011
41.939,0.012
41.96,0.012
41.967,0.011
42.094,0.011
42.101,0.012
42.152,0.012
42.192,0.011
42.25,0.012
42.274,0.011
42.33,0.011
42.345,0.012
42.39,0.012
42.427,0.011
42.496,0.011
42.497,0.012
42.597,0.012
42.598,0.011
42.622,0.012
42.662,0.011
42.712,0.012
42.723,0.011
42.806,0.011
42.819,0.012
42.847,0.011
42.894,0.012
42.965,0.012
42.979,0.011
43.031,0.012
43.066,0.011
43.109,0.011
43.147,0.012
43.188,0.012
43.199,0.011
43.246,0.011
43.287,0.012
43.381,0.011
43.383,0.012
43.435,0.011
43.471,0.012
43.492,0.011
43.523,0.012
43.599,0.012
43.64,0.011
43.695,0.011
43.705,0.012
43.733,0.012
43.749,0.011
43.857,0.011
43.859,0.012
43.931,0.011
43.965,0.012
44.0,0.012
44.029,0.011
44.099,0.011
44.11,0.012
44.146,0.012
44.202,0.011
44.242,0.011
44.253,0.012
44.301,0.012
44.366,0.011
44.393,0.012
44.432,0.011
44.506,0.012
44.507,0.011
44.549,0.012
44.577,0.011
44.652,0.011
44.682,0.012
44.708,0.011
44.717,0.012
44.797,0.011
44.808,0.012
44.916,0.012
44.94,0.011
44.946,0.011
45.018,0.012
45.025,0.012
45.037,0.011
45.13,0.011
45.154,0.012
45.227,0.012
45.265,0.011
45.271,0.012
45.278,0.011
45.355,0.012
45.381,0.011
45.471,0.012
45.498,0.011
45.545,0.011
45.565,0.012
45.602,0.012
45.67,0.011
45.693,0.012
45.724,0.011
45.778,0.011
45.832,0.012
45.88,0.012
45.909,0.011
45.939,0.012
45.963,0.011
46.059,0.011
46.064,0.012
46.121,0.012
46.146,0.011
46.209,0.012
46.232,0.011
46.3,0.011
46.307,0.012
46.32,0.012
46.34,0.011
46.41,0.012
46.449,0.011
46.512,0.012
46.533,0.011
46.564,0.012
46.607,0.011
46.644,0.011
46.666,0.012
46.729,0.011
46.794,0.012
46.849,0.012
46.879,0.011
46.883,0.011
46.954,0.012
46.989,0.012
47.01,0.011
47.07,0.012
47.112,0.011
47.135,0.011
47.146,0.012
47.254,0.012
47.265,0.011
47.299,0.013
47.3,0.011
47.368,0.012
47.429,0.01
47.474,0.011
47.487,0.012
47.564,0.012
47.592,0.011
47.643,0.012
47.682,0.011
47.701,0.012
47.728,0.011
47.809,0.012
47.829,0.011
47.869,0.011
47.871,0.012
47.945,0.011
47.967,0.012
48.027,0.012
48.046,0.011
48.099,0.012
48.108,0.011
48.211,0.011
48.241,0.012
48.284,0.011
48.291,0.012
48.352,0.012
48.4,0.011
48.445,0.012
48.488,0.011
48.523,0.011
48.57,0.012
48.617,0.012
48.626,0.011
48.727,0.012
48.741,0.011
48.76,0.011
48.76,0.012
48.873,0.012
48.902,0.011
48.932,0.011
48.966,0.012
49.004,0.012
49.006,0.011
49.085,0.011
49.085,0.012
49.15,0.012
49.164,0.011
49.245,0.011
49.263,0.012
49.326,0.011
49.335,0.012
49.4,0.011
49.447,0.012
49.49,0.012
49.534,0.011
49.587,0.011
49.626,0.012
49.65,0.011
49.679,0.012
49.755,0.011
49.765,0.012
49.817,0.011
49.832,0.012
49.895,0.011
49.955,0.012
50.006,0.011
50.018,0.012
50.05,0.012
50.051,0.011
50.154,0.012
50.162,0.01
50.223,0.012
50.237,0.011
50.295,0.012
50.311,0.011
50.395,0.011
50.421,0.012
50.472,0.012
50.481,0.011
50.525,0.012
50.533,0.011
50.62,0.012
50.631,0.011
50.712,0.011
50.742,0.012
50.815,0.011
50.822,0.012
50.89,0.011
50.907,0.012
50.945,0.011
50.98,0.012
51.06,0.012
51.082,0.011
51.136,0.013
51.158,0.011
51.185,0.012
51.209,0.011
51.265,0.011
51.287,0.012
51.373,0.011
51.391,0.012
51.482,0.011
51.482,0.012
51.515,0.011
51.541,0.012
51.606,0.011
51.652,0.012
51.675,0.011
51.681,0.012
51.756,0.012
51.782,0.011
51.838,0.011
51.86,0.012
51.908,0.012
51.931,0.011
51.995,0.012
52.021,0.011
52.072,0.012
52.115,0.011
52.156,0.011
52.179,0.012
52.228,0.011
52.255,0.012
52.313,0.011
52.353,0.012
52.383,0.011
52.46,0.012
52.464,0.012
52.525,0.011
52.616,0.011
52.621,0.012
52.667,0.012
52.679,0.011
52.715,0.012
52.748,0.011
52.804,0.012
52.805,0.011
52.897,0.011
52.91,0.012
52.952,0.012
52.965,0.011
53.072,0.012
53.107,0.011
53.142,0.012
53.147,0.011
53.251,0.012
53.262,0.011
53.274,0.011
53.34,0.012
53.382,0.011
53.425,0.012
53.492,0.011
53.493,0.012
53.556,0.012
53.57,0.011
53.617,0.011
53.657,0.012
53.692,0.011
53.724,0.012
53.788,0.012
53.831,0.011
53.855,0.012
53.869,0.011
53.967,0.011
53.992,0.012
54.018,0.012
54.045,0.011
54.086,0.012
54.148,0.011
54.214,0.011
54.236,0.012
54.262,0.011
54.281,0.012
54.347,0.012
54.391,0.011
54.449,0.011
54.47,0.012
54.503,0.012
54.509,0.011
54.602,0.011
54.634,0.012
54.661,0.011
54.68,0.012
54.749,0.011
54.791,0.012
54.859,0.012
54.864,0.011
54.89,0.011
54.932,0.012
55.01,0.011
55.015,0.012
55.094,0.011
55.109,0.012
55.195,0.012
55.206,0.011
55.259,0.012
55.269,0.011
55.298,0.012
55.335,0.011
55.418,0.011
55.447,0.012
55.492,0.011
55.5,0.012
55.577,0.012
55.583,0.011
55.618,0.012
55.622,0.011
55.725,0.011
55.758,0.012
55.828,0.011
55.832,0.012
55.9,0.01
55.905,0.012
55.994,0.011
56.008,0.012
56.047,0.011
56.062,0.012
56.1,0.012
56.1,0.011
56.183,0.011
56.235,0.012
56.302,0.011
56.331,0.012
56.365,0.012
56.403,0.011
56.465,0.011
56.472,0.012
56.504,0.012
56.507,0.011
56.657,0.011
56.66,0.012
56.682,0.011
56.692,0.012
56.79,0.011
56.818,0.012
56.827,0.012
56.83,0.011
56.923,0.011
56.982,0.012
57.006,0.011
57.055,0.012
57.079,0.011
57.125,0.012
57.153,0.011
57.206,0.012
57.242,0.012
57.261,0.011
57.337,0.012
57.359,0.011
57.457,0.012
57.464,0.011
57.49,0.011
57.505,0.012
57.628,0.012
57.63,0.011
57.638,0.012
57.695,0.011
57.717,0.011
57.725,0.012
57.84,0.011
57.857,0.012
57.889,0.011
57.898,0.012
58.015,0.011
58.018,0.012
58.046,0.012
58.097,0.011
58.162,0.012
58.18,0.011
58.217,0.011
58.262,0.012
58.321,0.011
58.36,0.012
58.39,0.012
58.417,0.011
58.451,0.012
58.501,0.011
58.585,0.012
58.6,0.011
58.624,0.012
58.666,0.011
58.746,0.011
58.755,0.012
58.785,0.012
58.82,0.011
58.849,0.011
58.902,0.012
58.941,0.011
58.987,0.012
59.033,0.011
59.056,0.012
59.117,0.01
59.16,0.012
59.177,0.012
59.196,0.011
59.296,0.011
59.327,0.012
59.355,0.011
59.397,0.012
59.413,0.012
59.484,0.011
59.523,0.012
59.559,0.011
59.586,0.011
59.592,0.012
59.715,0.011
59.721,0.012
59.772,0.012
59.78,0.011
59.818,0.011
59.822,0.012
59.916,0.01
59.97,0.012
60.037,0.011
60.039,0.012
60.1,0.011
60.11,0.012
60.2,0.011
60.202,0.012
60.255,0.011
60.285,0.012
60.319,0.011
60.372,0.012
60.392,0.012
60.435,0.011
60.525,0.012
60.543,0.011
60.559,0.011
60.592,0.012
60.632,0.011
60.635,0.012
60.707,0.011
60.718,0.012
60.8,0.012
60.859,0.011
60.884,0.012
60.937,0.011
60.954,0.011
60.984,0.012
61.055,0.011
61.061,0.012
61.138,0.011
61.171,0.012
61.255,0.012
61.26,0.011
61.275,0.011
61.295,0.012
61.364,0.012
61.425,0.011
61.454,0.011
61.484,0.012
61.529,0.011
61.56,0.012
61.661,0.012
61.668,0.011
61.688,0.011
61.689,0.012
61.764,0.012
61.767,0.011
61.868,0.011
61.91,0.012
61.924,0.012
61.951,0.011
62.005,0.011
62.045,0.012
62.125,0.011
62.16,0.012
62.165,0.011
62.19,0.012
62.286,0.011
62.316,0.012
62.323,0.012
62.398,0.011
62.422,0.012
62.445,0.011
62.527,0.011
62.563,0.012
62.587,0.011
62.595,0.012
62.661,0.012
62.722,0.011
62.747,0.012
62.788,0.011
62.866,0.011
62.877,0.012
62.909,0.011
62.923,0.012
62.998,0.011
63.04,0.012
63.085,0.01
63.1,0.012
63.147,0.011
63.157,0.012
63.231,0.012
63.264,0.011
63.298,0.011
63.333,0.012
63.408,0.011
63.437,0.012
63.47,0.012
63.475,0.011
63.592,0.012
63.594,0.011
63.623,0.011
63.666,0.012
63.723,0.012
63.755,0.011
63.795,0.011
63.831,0.012
63.925,0.012
63.932,0.011
63.952,0.012
63.993,0.011
64.07,0.011
64.086,0.012
64.117,0.011
64.12,0.012
64.201,0.012
64.26,0.011
64.265,0.01
64.332,0.012
64.404,0.012
64.417,0.011
64.452,0.011
64.491,0.012
64.548,0.011
64.57,0.012
64.61,0.011
64.665,0.012
64.686,0.011
64.709,0.012
64.801,0.012
64.807,0.011
64.841,0.012
64.849,0.011
64.95,0.012
64.975,0.011
65.015,0.012
65.017,0.011
65.085,0.012
65.128,0.011
65.217,0.012
65.219,0.011
65.246,0.012
65.268,0.011
65.362,0.011
65.372,0.012
65.408,0.012
65.446,0.011
65.52,0.011
65.537,0.012
65.579,0.011
65.593,0.012
65.645,0.011
65.708,0.012
65.748,0.012
65.79,0.011
65.834,0.012
65.837,0.011
65.932,0.012
65.955,0.011
65.982,0.011
65.991,0.012
66.09,0.012
66.097,0.011
66.129,0.012
66.138,0.011
66.229,0.011
66.251,0.012
66.288,0.011
66.344,0.012
66.375,0.011
66.376,0.012
66.473,0.012
66.524,0.011
66.529,0.011
66.572,0.012
66.655,0.011
66.686,0.012
66.719,0.011
66.763,0.012
66.777,0.012
66.834,0.011
66.928,0.012
66.928,0.01
66.952,0.012
67.002,0.011
67.02,0.011
67.031,0.012
67.109,0.012
67.158,0.011
67.213,0.012
67.227,0.011
67.3,0.011
67.325,0.012
67.352,0.011
67.394,0.012
67.44,0.011
67.461,0.012
67.53,0.011
67.565,0.012
67.597,0.011
67.628,0.012
67.678,0.011
67.732,0.012
67.745,0.012
67.803,0.011
67.872,0.012
67.872,0.011
67.91,0.012
67.945,0.011
67.99,0.012
68.011,0.011
68.062,0.011
68.093,0.012
68.143,0.011
68.188,0.012
68.228,0.012
68.256,0.011
68.366,0.011
68.379,0.012
68.392,0.012
68.433,0.011
68.469,0.012
68.474,0.011
68.548,0.012
68.573,0.011
68.687,0.012
68.699,0.011
68.716,0.012
68.745,0.011
68.803,0.011
68.835,0.012
68.913,0.011
68.949,0.012
68.985,0.011
69.026,0.012
69.063,0.012
69.104,0.011
69.167,0.011
69.172,0.012
69.227,0.012
69.272,0.011
69.322,0.011
69.332,0.012
69.355,0.012
69.41,0.011
69.473,0.012
69.512,0.011
69.551,0.011
69.565,0.013
69.61,0.012
69.667,0.011
69.684,0.012
69.718,0.011
69.764,0.012
69.83,0.011
69.854,0.012
69.905,0.011
69.961,0.012
69.968,0.011
70.02,0.011
70.027,0.012
70.145,0.011
70.163,0.012
70.187,0.011
70.196,0.012
70.252,0.011
70.313,0.012
70.333,0.012
70.339,0.011
70.464,0.012
70.475,0.011
70.487,0.012
70.537,0.011
70.585,0.012
70.617,0.011
70.651,0.011
70.68,0.012
70.779,0.011
70.807,0.012
70.812,0.012
70.857,0.011
70.922,0.011
70.958,0.012
70.978,0.011
71.028,0.012
71.063,0.012
71.1,0.011
71.161,0.012
71.185,0.011
71.28,0.011
71.282,0.012
71.306,0.012
71.365,0.011
71.431,0.011
71.454,0.012
71.47,0.011
71.497,0.012
71.542,0.012
71.561,0.011
71.687,0.011
71.692,0.012
71.704,0.012
71.756,0.011
71.834,0.011
71.848,0.012
71.894,0.011
71.912,0.012
71.957,0.012
71.958,0.011
72.041,0.011
72.042,0.012
72.105,0.011
72.112,0.012
72.207,0.012
72.255,0.011
72.326,0.011
72.332,0.012
72.377,0.011
72.414,0.012
72.447,0.012
72.488,0.011
72.514,0.011
72.583,0.012
72.603,0.011
72.647,0.012
72.681,0.011
72.745,0.012
72.822,0.011
72.827,0.012
72.863,0.01
72.878,0.012
72.915,0.011
72.939,0.012
73.002,0.011
73.07,0.012
73.089,0.012
73.147,0.011
73.162,0.011
73.18,0.012
73.239,0.011
73.271,0.012
73.349,0.012
73.35,0.011
73.428,0.012
73.442,0.011
73.523,0.011
73.541,0.012
73.575,0.011
73.612,0.012
73.641,0.012
73.673,0.011
73.742,0.011
73.79,0.013
73.847,0.011
73.878,0.012
73.925,0.011
73.939,0.012
73.991,0.011
74.013,0.012
74.074,0.011
74.086,0.012
74.151,0.012
74.189,0.011
74.251,0.013
74.252,0.011
74.325,0.011
74.359,0.012
74.406,0.012
74.425,0.011
74.497,0.012
74.499,0.011
74.536,0.011
74.607,0.012
74.663,0.011
74.685,0.012
74.722,0.011
74.733,0.012
74.792,0.012
74.848,0.011
74.905,0.012
74.925,0.011
74.97,0.011
74.99,0.012
75.021,0.011
75.031,0.012
75.137,0.012
75.142,0.011
75.245,0.011
75.255,0.012
75.269,0.011
75.306,0.012
75.388,0.011
75.393,0.012
75.49,0.012
75.494,0.011
75.513,0.011
75.517,0.012
75.607,0.012
75.617,0.011
75.664,0.012
75.731,0.011
75.751,0.012
75.818,0.011
75.824,0.011
75.845,0.012
75.903,0.012
75.955,0.011
76.003,0.013
76.034,0.011
76.066,0.012
76.067,0.011
76.207,0.012
76.215,0.011
76.277,0.012
76.283,0.011
76.335,0.012
76.352,0.011
76.398,0.012
76.419,0.011
76.469,0.011
76.5,0.012
76.562,0.012
76.615,0.011
76.692,0.011
76.694,0.012
76.736,0.011
76.762,0.012
76.838,0.011
76.852,0.012
76.891,0.012
76.919,0.011
76.99,0.012
77.001,0.011
77.037,0.011
77.077,0.012
77.138,0.012
77.186,0.011
77.222,0.011
77.234,0.012
77.302,0.011
77.307,0.012
77.399,0.012
77.403,0.011
77.46,0.012
77.486,0.011
77.527,0.011
77.576,0.012
77.65,0.012
77.677,0.011
77.699,0.011
77.728,0.012
77.778,0.012
77.816,0.011
77.884,0.011
77.901,0.012
77.941,0.011
77.972,0.012
78.062,0.011
78.063,0.012
78.095,0.012
78.125,0.011
78.18,0.011
78.228,0.012
78.311,0.012
78.319,0.011
78.339,0.011
78.38,0.012
78.443,0.012
78.446,0.011
78.525,0.012
78.565,0.011
78.638,0.011
78.641,0.012
78.703,0.012
78.711,0.011
78.771,0.011
78.802,0.012
78.869,0.012
78.873,0.011
78.905,0.011
78.91,0.012
78.977,0.012
79.037,0.011
79.088,0.01
79.124,0.012
79.162,0.011
79.165,0.012
79.273,0.012
79.289,0.011
79.299,0.011
79.378,0.012
79.398,0.011
79.404,0.012
79.485,0.012
79.529,0.011
79.587,0.011
79.591,0.012
79.671,0.011
79.696,0.012
79.717,0.012
79.745,0.011
79.803,0.011
79.83,0.012
79.908,0.011
79.942,0.012
79.95,0.012
79.984,0.011
80.045,0.011
80.07,0.012
80.117,0.012
80.12,0.011
80.233,0.012
80.259,0.011
80.297,0.011
0.017,
0.077,0.018
0.111,0.018
0.119,0.017
0.195,0.018
0.214,0.017
0.277,0.018
0.318,0.017
0.342,0.018
0.369,0.016
0.447,0.017
0.461,0.018
0.496,0.018
0.502,0.017
0.586,0.017
0.595,0.018
0.695,0.018
0.702,0.017
0.776,0.018
0.802,0.017
0.874,0.018
0.885,0.017
0.902,0.017
0.944,0.018
0.986,0.017
0.995,0.018
1.112,0.018
1.118,0.017
1.185,0.017
1.193,0.018
1.251,0.017
1.277,0.018
1.31,0.018
1.37,0.017
1.425,0.018
1.435,0.017
1.468,0.017
1.511,0.018
1.547,0.017
1.593,0.018
1.643,0.018
1.652,0.017
1.727,0.018
1.77,0.017
1.785,0.017
1.844,0.018
1.863,0.018
1.935,0.017
1.942,0.018
1.968,0.017
2.036,0.017
2.078,0.018
2.127,0.018
2.168,0.017
2.2,0.017
2.234,0.018
2.301,0.017
2.344,0.018
2.36,0.018
2.366,0.017
2.476,0.018
2.5,0.016
2.51,0.018
2.569,0.017
2.597,0.018
2.653,0.017
2.676,0.018
2.717,0.017
2.76,0.018
2.802,0.017
2.859,0.018
2.87,0.017
2.935,0.017
2.976,0.018
3.0,0.018
3.002,0.017
3.095,0.018
3.119,0.017
3.193,0.018
3.219,0.017
3.235,0.017
3.26,0.018
3.343,0.018
3.352,0.017
3.41,0.018
3.432,0.017
3.545,0.018
3.552,0.017
3.559,0.018
3.617,0.017
3.643,0.018
3.685,0.017
3.743,0.018
3.752,0.017
3.819,0.017
3.842,0.018
3.935,0.017
3.943,0.018
4.034,0.017
4.038,0.018
4.077,0.018
4.102,0.017
4.125,0.018
4.169,0.017
4.218,0.017
4.227,0.018
4.302,0.017
4.312,0.018
4.42,0.017
4.427,0.018
4.487,0.017
4.525,0.018
4.56,0.018
4.585,0.017
4.635,0.017
4.643,0.018
4.727,0.018
4.767,0.017
4.776,0.018
4.787,0.017
4.902,0.017
4.927,0.018
4.977,0.018
5.004,0.017
5.012,0.018
5.085,0.016
5.136,0.016
5.144,0.018
5.21,0.018
5.22,0.017
5.285,0.017
5.325,0.018
5.38,0.017
5.41,0.018
5.417,0.017
5.441,0.018
5.511,0.018
5.518,0.016
5.585,0.017
5.625,0.018
5.676,0.018
5.736,0.017
5.752,0.016
5.81,0.018
5.853,0.017
5.892,0.018
5.91,0.018
5.918,0.017
5.994,0.018
6.02,0.017
6.077,0.018
6.101,0.017
6.152,0.016
6.21,0.018
6.234,0.017
6.294,0.018
6.315,0.018
6.334,0.017
6.419,0.017
6.462,0.018
6.504,0.017
6.527,0.018
6.554,0.017
6.611,0.018
6.655,0.017
6.658,0.018
6.742,0.018
6.769,0.017
6.794,0.018
6.819,0.016
6.876,0.018
6.917,0.017
6.977,0.018
6.986,0.017
7.034,0.017
7.078,0.018
7.152,0.017
7.178,0.018
7.219,0.017
7.244,0.018
7.277,0.018
7.285,0.016
7.41,0.018
7.419,0.017
7.437,0.017
7.512,0.018
7.535,0.017
7.561,0.018
7.642,0.018
7.651,0.016
7.694,0.018
7.735,0.017
7.811,0.018
7.837,0.017
7.911,0.018
7.919,0.017
7.935,0.017
7.945,0.018
8.019,0.017
8.044,0.018
8.097,0.017
8.16,0.018
8.195,0.018
8.202,0.017
8.261,0.018
8.286,0.017
8.336,0.017
8.377,0.018
8.431,0.018
8.435,0.017
8.552,0.017
8.562,0.018
8.578,0.018
8.586,0.017
8.669,0.017
8.694,0.018
8.735,0.017
8.777,0.018
8.819,0.017
8.877,0.018
8.902,0.016
8.962,0.018
9.01,0.018
9.023,0.017
9.069,0.016
9.112,0.018
9.16,0.018
9.185,0.017
9.243,0.018
9.27,0.016
9.352,0.017
9.361,0.018
9.412,0.018
9.437,0.017
9.488,0.017
9.495,0.018
9.545,0.018
9.554,0.017
9.652,0.017
9.696,0.018
9.727,0.018
9.736,0.017
9.803,0.016
9.812,0.018
9.869,0.017
9.895,0.018
9.945,0.018
9.967,0.017
10.052,0.017
10.092,0.018
10.129,0.018
10.152,0.016
10.202,0.017
10.211,0.018
10.337,0.017
10.346,0.018
10.358,0.017
10.36,0.018
10.446,0.018
10.501,0.017
10.561,0.018
10.586,0.017
10.595,0.018
10.636,0.017
10.677,0.018
10.72,0.017
10.785,0.017
10.826,0.018
10.846,0.018
10.902,0.017
10.913,0.018
10.92,0.017
11.02,0.016
11.062,0.018
11.095,0.018
11.12,0.017
11.17,0.016
11.213,0.018
11.245,0.018
11.287,0.016
11.354,0.017
11.361,0.018
11.404,0.017
11.41,0.018
11.479,0.018
11.519,0.017
11.563,0.018
11.62,0.017
11.669,0.017
11.695,0.018
11.762,0.018
11.787,0.017
11.829,0.018
11.87,0.017
11.928,0.018
11.937,0.017
11.996,0.018
12.003,0.017
12.053,0.017
12.078,0.018
12.129,0.018
12.187,0.017
12.219,0.017
12.248,0.018
12.302,0.017
12.328,0.018
12.385,0.017
12.393,0.018
12.479,0.018
12.487,0.017
12.562,0.018
12.604,0.017
12.637,0.017
12.645,0.018
12.754,0.017
12.762,0.018
12.778,0.018
12.788,0.017
12.853,0.016
12.915,0.018
12.988,0.017
13.012,0.018
13.053,0.017
13.077,0.018
13.104,0.017
13.13,0.018
13.178,0.018
13.219,0.017
13.282,0.017
13.311,0.018
13.346,0.018
13.389,0.017
13.454,0.017
13.478,0.018
13.511,0.018
13.555,0.017
13.612,0.018
13.656,0.017
13.672,0.016
13.678,0.018
13.755,0.017
13.78,0.018
13.855,0.017
13.879,0.018
13.912,0.018
13.961,0.017
14.02,0.017
14.062,0.018
14.087,0.017
14.112,0.018
14.162,0.018
14.204,0.017
14.245,0.018
14.287,0.017
14.321,0.017
14.362,0.018
14.446,0.018
14.455,0.017
14.537,0.017
14.545,0.018
14.587,0.017
14.63,0.018
14.68,0.018
14.705,0.017
14.738,0.017
14.766,0.018
14.847,0.018
14.854,0.017
14.879,0.018
14.922,0.017
14.979,0.018
15.02,0.017
15.047,0.018
15.103,0.017
15.13,0.018
15.137,0.017
15.205,0.017
15.213,0.018
15.28,0.018
15.303,0.016
15.363,0.018
15.37,0.017
15.485,0.017
15.512,0.018
15.53,0.018
15.587,0.017
15.612,0.018
15.622,0.017
15.729,0.018
15.739,0.016
15.805,0.017
15.812,0.018
15.865,0.018
15.905,0.017
15.954,0.017
15.979,0.018
16.013,0.018
16.055,0.017
16.13,0.018
16.154,0.017
16.189,0.017
16.197,0.018
16.262,0.018
16.271,0.017
16.365,0.018
16.389,0.017
16.439,0.016
16.481,0.018
16.539,0.017
16.547,0.018
16.588,0.017
16.647,0.018
16.697,0.018
16.721,0.017
16.792,0.018
16.793,0.017
16.839,0.017
16.863,0.018
16.922,0.017
16.948,0.018
16.991,0.017
17.049,0.018
17.066,0.018
17.072,0.017
17.139,0.017
17.16,0.018
17.244,0.018
17.255,0.016
17.324,0.017
17.329,0.018
17.389,0.016
17.4,0.018
17.48,0.018
17.54,0.017
17.555,0.017
17.582,0.018
17.673,0.017
17.698,0.018
17.733,0.018
17.74,0.017
17.807,0.017
17.847,0.018
17.866,0.018
17.872,0.017
17.956,0.017
17.965,0.018
18.048,0.018
18.09,0.017
18.13,0.018
18.172,0.017
18.24,0.017
18.264,0.018
18.272,0.017
18.345,0.018
18.374,0.017
18.381,0.018
18.449,0.018
18.507,0.017
18.548,0.018
18.59,0.017
18.607,0.017
18.65,0.018
18.682,0.018
18.74,0.017
18.765,0.018
18.824,0.017
18.857,0.017
18.865,0.018
18.932,0.018
18.956,0.017
18.997,0.018
19.006,0.016
19.115,0.018
19.14,0.017
19.173,0.017
19.232,0.018
19.24,0.017
19.245,0.018
19.357,0.016
19.398,0.018
19.424,0.017
19.433,0.018
19.481,0.018
19.539,0.017
19.596,0.017
19.632,0.018
19.673,0.017
19.716,0.018
19.749,0.018
19.789,0.017
19.824,0.017
19.832,0.018
19.9,0.018
19.94,0.017
19.974,0.017
20.016,0.018
20.07,0.018
20.107,0.017
20.132,0.018
20.208,0.017
20.249,0.018
20.274,0.017
20.299,0.018
20.355,0.017
20.4,0.018
20.408,0.017
20.482,0.018
20.525,0.017
20.54,0.017
20.596,0.018
20.658,0.017
20.682,0.018
20.716,0.018
20.725,0.017
20.775,0.017
20.849,0.018
20.885,0.018
20.925,0.017
20.958,0.017
20.965,0.018
21.048,0.018
21.091,0.016
21.115,0.018
21.124,0.017
21.191,0.017
21.251,0.018
21.275,0.017
21.333,0.018
21.367,0.018
21.392,0.017
21.482,0.018
21.491,0.017
21.539,0.017
21.549,0.018
21.616,0.018
21.643,0.017
21.666,0.018
21.692,0.017
21.808,0.017
21.814,0.018
21.892,0.017
21.901,0.018
21.918,0.018
21.958,0.017
22.026,0.017
22.049,0.018
22.111,0.017
22.117,0.018
22.176,0.016
22.218,0.018
22.267,0.018
22.31,0.017
22.314,0.018
22.342,0.017
22.417,0.018
22.426,0.017
22.477,0.017
22.516,0.018
22.585,0.018
22.625,0.017
22.66,0.017
22.683,0.018
22.75,0.018
22.774,0.017
22.85,0.018
22.859,0.017
22.876,0.017
22.953,0.018
22.959,0.016
23.018,0.018
23.095,0.017
23.101,0.018
23.167,0.018
23.193,0.017
23.25,0.018
23.259,0.017
23.316,0.018
23.325,0.017
23.376,0.017
23.417,0.018
23.486,0.018
23.506,0.017
23.56,0.017
23.567,0.018
23.618,0.018
23.626,0.017
23.74,0.017
23.752,0.018
23.784,0.018
23.826,0.017
23.85,0.018
23.911,0.017
23.943,0.017
24.0,0.018
24.046,0.017
24.07,0.018
24.16,0.017
24.167,0.018
24.186,0.018
24.215,0.017
24.275,0.016
24.302,0.018
24.36,0.017
24.385,0.018
24.445,0.017
24.484,0.018
24.494,0.017
24.549,0.018
24.609,0.016
24.65,0.018
24.685,0.018
24.726,0.017
24.793,0.016
24.802,0.018
24.859,0.017
24.871,0.018
24.902,0.018
24.971,0.017
24.982,0.018
25.027,0.016
25.06,0.016
25.087,0.018
25.144,0.017
25.219,0.018
25.275,0.017
25.283,0.018
25.342,0.017
25.367,0.018
25.394,0.017
25.401,0.018
25.517,0.018
25.543,0.017
25.582,0.018
25.593,0.016
25.693,0.017
25.7,0.018
25.751,0.018
25.76,0.017
25.794,0.016
25.831,0.018
25.91,0.017
25.917,0.018
26.014,0.017
26.02,0.018
26.069,0.018
26.076,0.017
26.11,0.017
26.185,0.018
26.209,0.016
26.217,0.018
26.285,0.018
26.294,0.017
26.368,0.018
26.393,0.017
26.444,0.017
26.47,0.018
26.525,0.017
26.536,0.018
26.61,0.017
26.652,0.018
26.686,0.018
26.744,0.017
26.789,0.017
26.801,0.018
26.852,0.018
26.911,0.017
26.926,0.017
26.936,0.018
27.036,0.018
27.062,0.017
27.085,0.018
27.11,0.017
27.16,0.017
27.186,0.018
27.242,0.017
27.269,0.018
27.365,0.018
27.378,0.017
27.417,0.018
27.46,0.016
27.502,0.018
27.56,0.017
27.619,0.018
27.644,0.017
27.674,0.017
27.72,0.018
27.769,0.018
27.794,0.017
27.81,0.017
27.836,0.018
27.894,0.017
27.937,0.018
27.99,0.018
28.044,0.017
28.052,0.018
28.062,0.017
28.145,0.017
28.186,0.018
28.252,0.018
28.26,0.017
28.311,0.017
28.351,0.018
28.386,0.018
28.44,0.017
28.486,0.018
28.528,0.017
28.561,0.017
28.567,0.018
28.644,0.017
28.653,0.018
28.721,0.018
28.743,0.016
28.777,0.017
28.783,0.018
28.87,0.018
28.911,0.017
28.952,0.018
28.995,0.017
29.027,0.017
29.069,0.018
29.103,0.018
29.162,0.017
29.236,0.018
29.244,0.017
29.271,0.018
29.311,0.017
29.369,0.018
29.395,0.017
29.451,0.018
29.477,0.017
29.543,0.017
29.571,0.018
29.61,0.017
29.62,0.018
29.678,0.017
29.698,0.018
29.76,0.017
29.803,0.018
29.843,0.017
29.853,0.018
29.911,0.016
29.92,0.018
30.012,0.017
30.037,0.018
30.128,0.017
30.136,0.018
30.17,0.018
30.213,0.017
30.295,0.017
30.302,0.018
30.377,0.017
30.386,0.018
30.427,0.016
30.437,0.018
30.485,0.018
30.547,0.017
30.577,0.017
30.619,0.018
30.637,0.018
30.663,0.017
30.72,0.018
30.78,0.017
30.861,0.017
30.871,0.018
30.945,0.016
30.953,0.018
31.002,0.018
31.01,0.017
31.08,0.017
31.085,0.018
31.166,0.018
31.195,0.017
31.236,0.018
31.261,0.017
31.295,0.017
31.352,0.018
31.374,0.018
31.411,0.017
31.453,0.018
31.514,0.017
31.528,0.017
31.603,0.018
31.644,0.017
31.666,0.018
31.703,0.018
31.711,0.016
31.795,0.017
31.806,0.018
31.87,0.018
31.895,0.017
31.946,0.017
32.004,0.018
32.019,0.018
32.077,0.016
32.13,0.017
32.152,0.018
32.186,0.018
32.245,0.017
32.261,0.017
32.286,0.018
32.387,0.018
32.396,0.017
32.478,0.017
32.487,0.018
32.495,0.017
32.553,0.018
32.585,0.018
32.593,0.017
32.669,0.018
32.695,0.017
32.77,0.018
32.796,0.017
32.853,0.018
32.861,0.017
32.96,0.016
32.97,0.018
33.012,0.017
33.053,0.018
33.103,0.018
33.127,0.017
33.153,0.018
33.162,0.017
33.292,0.018
33.295,0.017
33.303,0.018
33.362,0.017
33.395,0.017
33.404,0.018
33.485,0.018
33.54,0.017
33.55,0.018
33.593,0.017
33.67,0.018
33.68,0.017
33.778,0.017
33.787,0.018
33.825,0.017
33.837,0.018
33.895,0.017
33.939,0.018
33.978,0.017
34.005,0.018
34.036,0.018
34.079,0.017
34.128,0.017
34.153,0.018
34.195,0.017
34.254,0.018
34.346,0.017
34.353,0.018
34.396,0.017
34.42,0.018
34.461,0.017
34.475,0.018
34.52,0.018
34.562,0.017
34.621,0.018
34.629,0.016
34.73,0.017
34.737,0.018
34.779,0.017
34.787,0.018
34.896,0.017
34.903,0.018
34.937,0.018
34.944,0.017
35.02,0.018
35.062,0.017
35.111,0.017
35.137,0.018
35.18,0.017
35.187,0.018
35.262,0.017
35.288,0.018
35.355,0.018
35.378,0.017
35.412,0.017
35.437,0.018
35.521,0.018
35.527,0.017
35.577,0.017
35.587,0.018
35.696,0.017
35.703,0.018
35.737,0.018
35.779,0.017
35.83,0.017
35.87,0.018
35.92,0.018
35.929,0.017
35.971,0.018
36.012,0.017
36.097,0.017
36.102,0.018
36.187,0.018
36.195,0.017
36.22,0.018
36.28,0.017
36.313,0.016
36.337,0.018
36.413,0.017
36.438,0.018
36.471,0.018
36.512,0.017
36.57,0.018
36.578,0.017
36.622,0.018
36.626,0.017
36.712,0.017
36.77,0.018
36.788,0.018
36.846,0.017
36.897,0.016
36.919,0.018
37.005,0.018
37.008,0.017
37.03,0.017
37.036,0.018
37.145,0.016
37.157,0.018
37.231,0.018
37.263,0.017
37.329,0.017
37.337,0.018
37.412,0.017
37.421,0.018
37.437,0.018
37.465,0.017
37.535,0.018
37.562,0.016
37.643,0.017
37.653,0.018
37.7,0.017
37.706,0.018
37.779,0.016
37.784,0.018
37.862,0.017
37.887,0.018
37.921,0.018
37.928,0.017
38.029,0.017
38.07,0.018
38.079,0.017
38.12,0.018
38.196,0.017
38.206,0.018
38.296,0.017
38.305,0.018
38.345,0.017
38.386,0.018
38.397,0.016
38.42,0.018
38.477,0.017
38.487,0.018
38.596,0.017
38.638,0.018
38.662,0.017
38.67,0.018
38.721,0.018
38.728,0.017
38.87,0.018
38.879,0.017
38.928,0.017
38.954,0.018
38.979,0.017
38.989,0.018
39.046,0.017
39.087,0.018
39.146,0.017
39.151,0.018
39.247,0.016
39.272,0.018
39.295,0.017
39.304,0.018
39.372,0.018
39.412,0.017
39.487,0.018
39.495,0.017
39.528,0.017
39.537,0.018
39.655,0.018
39.682,0.017
39.721,0.018
39.727,0.017
39.784,0.018
39.797,0.017
39.871,0.018
39.879,0.017
39.938,0.018
39.945,0.017
40.036,0.018
40.046,0.016
40.113,0.017
40.138,0.018
40.178,0.017
40.237,0.018
40.305,0.018
40.312,0.017
40.347,0.017
40.387,0.018
40.437,0.018
40.479,0.017
40.547,0.017
40.571,0.018
40.587,0.018
40.613,0.017
40.672,0.018
40.73,0.017
40.754,0.018
40.796,0.016
40.821,0.018
40.828,0.017
40.922,0.018
40.926,0.017
41.005,0.018
41.03,0.017
41.088,0.018
41.101,0.017
41.188,0.018
41.195,0.017
41.237,0.018
41.295,0.017
41.339,0.018
41.376,0.017
41.438,0.018
41.463,0.017
41.522,0.018
41.535,0.017
41.596,0.017
41.621,0.018
41.646,0.017
41.673,0.018
41.715,0.017
41.77,0.018
41.821,0.018
41.862,0.017
41.896,0.017
41.901,0.018
41.989,0.018
41.995,0.017
42.106,0.018
42.113,0.017
42.129,0.017
42.156,0.018
42.215,0.017
42.237,0.018
42.348,0.017
42.355,0.018
42.389,0.018
42.396,0.017
42.47,0.018
42.512,0.017
42.53,0.017
42.556,0.018
42.646,0.017
42.655,0.018
42.689,0.018
42.747,0.017
42.762,0.017
42.837,0.018
42.863,0.017
42.888,0.018
42.93,0.017
42.937,0.018
43.02,0.018
43.079,0.017
43.12,0.018
43.13,0.017
43.165,0.017
43.22,0.018
43.247,0.016
43.32,0.018
43.33,0.016
43.37,0.018
43.412,0.017
43.421,0.018
43.497,0.017
43.502,0.018
43.589,0.018
43.612,0.017
43.687,0.018
43.713,0.017
43.754,0.018
43.797,0.017
43.822,0.018
43.879,0.017
43.964,0.016
43.97,0.018
43.996,0.017
44.005,0.018
44.097,0.017
44.106,0.018
44.189,0.018
44.212,0.017
44.22,0.018
44.23,0.017
44.339,0.018
44.363,0.016
44.4,0.017
44.455,0.018
44.463,0.017
44.488,0.018
44.605,0.018
44.613,0.017
44.656,0.018
44.662,0.017
44.73,0.016
44.755,0.018
44.788,0.018
44.846,0.017
44.864,0.017
44.87,0.018
44.946,0.016
44.989,0.018
45.029,0.017
45.059,0.018
45.131,0.017
45.139,0.018
45.195,0.017
45.239,0.018
45.271,0.018
45.346,0.016
45.38,0.017
45.405,0.018
45.488,0.018
45.497,0.017
45.538,0.018
45.545,0.017
45.604,0.018
45.629,0.017
45.672,0.018
45.697,0.016
45.78,0.017
45.789,0.018
45.888,0.018
45.913,0.017
45.913,0.017
45.972,0.018
46.038,0.018
46.069,0.017
46.094,0.018
46.129,0.017
46.171,0.018
46.21,0.017
46.271,0.018
46.312,0.017
46.372,0.018
46.379,0.017
46.406,0.018
46.446,0.016
46.488,0.018
46.552,0.017
46.573,0.018
46.596,0.017
46.657,0.018
46.659,0.017
46.747,0.017
46.789,0.018
46.855,0.018
46.866,0.017
46.912,0.017
46.955,0.018
46.979,0.017
47.005,0.018
47.088,0.018
47.115,0.017
47.155,0.018
47.196,0.017
47.245,0.017
47.272,0.018
47.287,0.018
47.33,0.017
47.404,0.018
47.431,0.017
47.463,0.017
47.472,0.018
47.54,0.018
47.608,0.017
47.612,0.017
47.622,0.018
47.745,0.017
47.772,0.018
47.779,0.017
47.806,0.018
47.88,0.016
47.923,0.018
47.963,0.017
48.007,0.018
48.023,0.018
48.046,0.016
48.113,0.017
48.155,0.018
48.229,0.017
48.256,0.018
48.281,0.017
48.338,0.018
48.347,0.017
48.405,0.018
48.43,0.017
48.472,0.018
48.512,0.017
48.537,0.018
48.597,0.017
48.606,0.018
48.689,0.018
48.713,0.017
48.753,0.018
48.796,0.017
48.847,0.017
48.889,0.018
48.913,0.017
48.972,0.018
49.004,0.018
49.015,0.017
49.089,0.018
49.096,0.017
49.18,0.017
49.206,0.018
49.238,0.018
49.246,0.017
49.351,0.016
49.388,0.018
49.406,0.018
49.413,0.017
49.482,0.017
49.537,0.018
49.58,0.017
49.61,0.018
49.638,0.018
49.647,0.017
49.72,0.018
49.746,0.017
49.806,0.018
49.829,0.017
49.914,0.017
49.941,0.018
49.997,0.017
50.021,0.018
50.105,0.018
50.113,0.017
50.132,0.017
50.14,0.018
50.214,0.016
50.24,0.018
50.299,0.017
50.322,0.018
50.408,0.017
50.437,0.018
50.48,0.017
50.506,0.018
50.522,0.018
50.53,0.016
50.604,0.018
50.614,0.017
50.707,0.018
50.715,0.017
50.771,0.018
50.812,0.017
50.871,0.018
50.895,0.016
50.971,0.018
50.976,0.017
51.039,0.018
51.08,0.017
51.122,0.018
51.131,0.017
51.171,0.018
51.214,0.017
51.249,0.017
51.255,0.018
51.331,0.017
51.404,0.018
51.43,0.017
51.489,0.018
51.531,0.017
51.539,0.018
51.589,0.018
51.647,0.017
51.671,0.018
51.697,0.016
51.756,0.018
51.798,0.017
51.822,0.018
51.863,0.017
51.913,0.017
51.94,0.018
51.997,0.016
52.043,0.018
52.072,0.018
52.08,0.017
52.147,0.017
52.155,0.018
52.287,0.018
52.297,0.016
52.374,0.018
52.38,0.017
52.38,0.016
52.406,0.018
52.463,0.017
52.54,0.018
52.557,0.018
52.564,0.016
52.647,0.016
52.673,0.018
52.707,0.018
52.715,0.017
52.798,0.017
52.822,0.018
52.89,0.018
52.931,0.017
52.974,0.018
53.013,0.017
53.04,0.018
53.081,0.017
53.147,0.017
53.173,0.018
53.207,0.018
53.265,0.017
53.272,0.018
53.296,0.017
53.356,0.018
53.429,0.017
53.447,0.017
53.455,0.018
53.514,0.017
53.589,0.018
53.614,0.017
53.639,0.018
53.705,0.018
53.732,0.017
53.755,0.018
53.781,0.016
53.85,0.017
53.889,0.018
53.94,0.018
53.948,0.017
54.03,0.017
54.04,0.018
54.105,0.018
54.145,0.017
54.206,0.018
54.232,0.017
54.256,0.018
54.266,0.017
54.337,0.018
54.364,0.017
54.422,0.018
54.465,0.017
54.489,0.018
54.514,0.017
54.573,0.018
54.598,0.017
54.648,0.016
54.723,0.018
54.739,0.018
54.765,0.016
54.815,0.017
54.857,0.018
54.931,0.017
54.94,0.018
55.013,0.017
55.04,0.018
55.107,0.018
55.114,0.017
55.148,0.017
55.19,0.018
55.272,0.018
55.28,0.017
55.339,0.018
55.365,0.017
55.398,0.017
55.405,0.018
55.465,0.017
55.523,0.018
55.553,0.018
55.565,0.017
55.631,0.017
55.64,0.018
55.722,0.018
55.761,0.017
55.805,0.018
55.832,0.017
55.913,0.017
55.924,0.018
55.955,0.018
55.998,0.017
56.019,0.018
56.046,0.017
56.133,0.017
56.172,0.018
56.206,0.018
56.231,0.017
56.281,0.017
56.323,0.018
56.406,0.018
56.415,0.017
56.43,0.017
56.438,0.018
56.519,0.018
56.565,0.016
56.632,0.017
56.641,0.018
56.725,0.018
56.731,0.017
56.772,0.018
56.797,0.017
56.872,0.018
56.881,0.017
56.915,0.017
56.923,0.018
57.014,0.016
57.057,0.018
57.132,0.016
57.14,0.018
57.157,0.018
57.2,0.017
57.231,0.017
57.292,0.018
57.331,0.016
57.391,0.018
57.424,0.018
57.465,0.017
57.524,0.018
57.547,0.017
57.599,0.017
57.625,0.018
57.654,0.017
57.656,0.018
57.73,0.017
57.738,0.018
57.831,0.016
57.872,0.018
57.913,0.017
57.94,0.018
57.966,0.017
58.007,0.018
58.058,0.018
58.115,0.017
58.158,0.018
58.165,0.016
58.215,0.017
58.24,0.018
58.281,0.017
58.323,0.018
58.363,0.017
58.439,0.018
58.481,0.017
58.523,0.018
58.541,0.018
58.549,0.017
58.665,0.017
58.672,0.018
58.686,0.018
58.702,0.017
58.782,0.017
58.808,0.018
58.916,0.017
58.924,0.018
58.932,0.017
58.972,0.018
59.032,0.017
59.061,0.018
59.124,0.018
59.149,0.017
59.19,0.018
59.215,0.017
59.265,0.017
59.324,0.018
59.367,0.017
59.375,0.018
59.431,0.017
59.457,0.018
59.539,0.018
59.565,0.017
59.64,0.018
59.648,0.017
59.708,0.018
59.714,0.017
59.783,0.017
59.792,0.018
59.824,0.018
59.831,0.017
59.933,0.017
59.968,0.018
59.998,0.017
60.042,0.018
60.072,0.018
60.135,0.017
60.156,0.018
60.167,0.017
60.282,0.017
60.292,0.018
60.373,0.018
60.381,0.017
60.43,0.017
60.442,0.018
60.466,0.017
60.474,0.018
60.581,0.017
60.592,0.018
60.64,0.018
60.682,0.017
60.732,0.017
60.757,0.018
60.832,0.017
60.857,0.018
60.884,0.017
60.894,0.018
61.001,0.017
61.007,0.018
61.057,0.018
61.065,0.017
61.166,0.017
61.174,0.018
61.207,0.018
61.233,0.016
61.272,0.016
61.324,0.018
61.407,0.018
61.415,0.016
61.482,0.017
61.508,0.018
61.542,0.018
61.582,0.017
61.637,0.017
61.675,0.018
61.691,0.018
61.7,0.016
61.792,0.018
61.831,0.017
61.883,0.017
61.907,0.018
61.932,0.016
61.992,0.018
62.032,0.017
62.074,0.018
62.15,0.017
62.158,0.018
62.175,0.018
62.233,0.017
62.275,0.018
62.3,0.017
62.333,0.017
62.36,0.018
62.477,0.018
62.483,0.017
62.525,0.018
62.53,0.017
62.576,0.018
62.617,0.017
62.652,0.017
62.658,0.018
62.74,0.018
62.768,0.017
62.833,0.017
62.842,0.018
62.937,0.018
62.95,0.017
63.017,0.017
63.042,0.018
63.058,0.018
63.067,0.017
63.135,0.017
63.207,0.018
63.225,0.018
63.249,0.017
63.3,0.016
63.307,0.018
63.375,0.018
63.418,0.017
63.501,0.017
63.507,0.018
63.557,0.018
63.584,0.017
63.633,0.017
63.642,0.018
63.725,0.018
63.751,0.017
63.792,0.018
63.799,0.017
63.875,0.018
63.917,0.017
63.941,0.018
63.968,0.017
64.025,0.018
64.033,0.017
64.117,0.017
64.125,0.018
64.225,0.018
64.25,0.017
64.3,0.017
64.342,0.018
64.343,0.018
64.351,0.017
64.441,0.018
64.5,0.017
64.508,0.018
64.551,0.017
64.617,0.017
64.627,0.018
64.69,0.018
64.7,0.017
64.778,0.018
64.817,0.017
64.899,0.017
64.907,0.018
64.955,0.018
64.982,0.017
64.993,0.018
65.022,0.017
65.095,0.018
65.115,0.017
65.167,0.017
65.192,0.018
65.242,0.018
65.303,0.017
65.335,0.017
65.374,0.018
65.409,0.018
65.468,0.017
65.484,0.017
65.492,0.018
65.592,0.018
65.6,0.017
65.677,0.018
65.7,0.017
65.732,0.016
65.775,0.018
65.802,0.017
65.875,0.018
65.927,0.018
65.95,0.017
66.026,0.018
66.034,0.017
66.076,0.018
66.117,0.017
66.146,0.018
66.184,0.017
66.235,0.017
66.259,0.018
66.305,0.017
66.308,0.018
66.4,0.017
66.408,0.018
66.45,0.017
66.509,0.018
66.526,0.018
66.568,0.017
66.608,0.018
66.684,0.017
66.692,0.018
66.751,0.017
66.769,0.017
66.808,0.018
66.85,0.017
66.893,0.018
66.985,0.017
67.01,0.018
67.018,0.017
67.041,0.018
67.143,0.018
67.169,0.017
67.193,0.018
67.251,0.017
67.26,0.018
67.319,0.017
67.334,0.017
67.41,0.018
67.467,0.017
67.475,0.018
67.542,0.018
67.565,0.017
67.593,0.018
67.601,0.016
67.701,0.017
67.726,0.018
67.751,0.017
67.792,0.018
67.886,0.017
67.892,0.018
67.943,0.018
67.969,0.017
68.052,0.017
68.061,0.018
68.118,0.017
68.127,0.018
68.143,0.018
68.217,0.017
68.284,0.017
68.293,0.018
68.334,0.017
68.344,0.018
68.386,0.017
68.393,0.018
68.468,0.017
68.544,0.018
68.55,0.017
68.625,0.018
68.684,0.017
68.699,0.018
68.709,0.018
68.767,0.017
68.792,0.018
68.835,0.017
68.87,0.017
68.907,0.018
68.959,0.018
69.002,0.017
69.034,0.017
69.045,0.018
69.138,0.018
69.185,0.017
69.235,0.017
69.244,0.018
69.295,0.018
69.302,0.017
69.377,0.018
69.433,0.017
69.46,0.018
69.505,0.017
69.526,0.018
69.535,0.017
69.6,0.017
69.645,0.018
69.7,0.017
69.727,0.018
69.77,0.017
69.828,0.018
69.892,0.018
69.902,0.017
69.937,0.017
69.993,0.018
70.027,0.018
70.069,0.016
70.084,0.017
70.093,0.018
70.193,0.018
70.22,0.017
70.312,0.018
70.318,0.017
70.335,0.017
70.377,0.018
70.444,0.018
70.47,0.016
70.496,0.018
70.502,0.017
70.585,0.017
70.645,0.018
70.668,0.017
70.697,0.018
70.735,0.017
70.763,0.018
70.81,0.018
70.884,0.017
70.918,0.017
70.944,0.018
70.976,0.018
70.986,0.017
71.058,0.018
71.101,0.016
71.145,0.018
71.153,0.017
71.221,0.017
71.276,0.018
71.304,0.017
71.362,0.018
71.401,0.016
71.429,0.018
71.461,0.018
71.535,0.017
71.569,0.017
71.593,0.018
71.62,0.017
71.645,0.018
71.703,0.017
71.762,0.018
71.827,0.018
71.836,0.016
71.862,0.018
71.919,0.017
71.968,0.017
71.995,0.018
72.029,0.018
72.035,0.017
72.11,0.018
72.155,0.017
72.193,0.018
72.22,0.017
72.293,0.018
72.321,0.017
72.377,0.018
72.385,0.017
72.487,0.017
72.498,0.018
72.51,0.018
72.554,0.017
72.603,0.017
72.645,0.018
72.691,0.017
72.696,0.018
72.776,0.018
72.786,0.017
72.885,0.017
72.895,0.018
72.933,0.017
72.945,0.018
73.035,0.017
73.046,0.018
73.114,0.018
73.153,0.017
73.178,0.018
73.203,0.016
73.248,0.016
73.277,0.018
73.387,0.017
73.395,0.018
73.411,0.018
73.452,0.017
73.478,0.018
73.535,0.017
73.561,0.018
73.587,0.017
73.671,0.017
73.677,0.018
73.735,0.017
73.777,0.018
73.837,0.017
73.844,0.018
73.887,0.016
73.927,0.018
73.987,0.017
73.994,0.018
74.062,0.018
74.07,0.016
74.161,0.018
74.185,0.017
74.277,0.018
74.285,0.017
74.304,0.017
74.312,0.018
74.377,0.018
74.404,0.017
74.454,0.017
74.495,0.018
74.553,0.017
74.579,0.018
74.62,0.017
74.646,0.018
74.704,0.017
74.762,0.018
74.771,0.017
74.795,0.018
74.894,0.018
74.904,0.016
74.985,0.017
75.013,0.018
75.03,0.018
75.086,0.017
75.161,0.018
75.172,0.017
75.229,0.018
75.253,0.017
75.322,0.017
75.328,0.018
75.352,0.017
75.413,0.018
75.47,0.017
75.48,0.018
75.531,0.018
75.537,0.017
75.645,0.018
75.654,0.017
75.672,0.017
75.712,0.018
75.745,0.018
75.804,0.017
75.827,0.018
75.837,0.017
75.912,0.018
75.953,0.017
75.987,0.016
76.061,0.018
76.087,0.017
76.095,0.018
76.187,0.017
76.216,0.018
76.244,0.018
76.255,0.016
76.311,0.018
76.331,0.017
76.396,0.018
76.436,0.017
76.496,0.018
76.522,0.017
76.554,0.017
76.613,0.018
76.637,0.017
76.662,0.018
76.713,0.018
76.739,0.016
76.817,0.017
76.844,0.018
76.911,0.018
76.933,0.017
76.956,0.017
77.032,0.018
77.055,0.017
77.095,0.018
77.137,0.017
77.164,0.018
77.205,0.017
77.245,0.018
77.288,0.017
77.341,0.018
77.394,0.018
77.403,0.017
77.478,0.018
77.488,0.017
77.522,0.017
77.529,0.018
77.644,0.018
77.671,0.017
77.684,0.018
77.738,0.017
77.797,0.018
77.805,0.017
77.88,0.018
77.904,0.017
77.962,0.018
77.971,0.017
78.022,0.017
78.046,0.018
78.121,0.017
78.147,0.018
78.188,0.017
78.23,0.018
78.297,0.018
78.32,0.017
78.347,0.018
78.405,0.017
78.438,0.017
78.475,0.018
78.548,0.018
78.553,0.017
78.58,0.018
78.587,0.017
78.697,0.018
78.705,0.017
78.766,0.017
78.794,0.018
78.872,0.016
78.879,0.018
78.897,0.018
78.939,0.017
79.013,0.018
79.02,0.016
79.08,0.018
79.122,0.017
79.153,0.017
79.163,0.018
79.22,0.017
79.296,0.018
79.34,0.017
79.345,0.018
79.405,0.017
79.413,0.018
79.522,0.017
79.53,0.018
79.564,0.018
79.605,0.016
79.622,0.017
79.646,0.018
79.722,0.017
79.724,0.018
79.804,0.017
79.846,0.018
79.912,0.018
79.939,0.017
79.945,0.018
79.988,0.016
80.063,0.018
80.07,0.017
80.131,0.018
80.17,0.017
80.205,0.017
80.212,0.018
80.297,0.017
0.016,
0.032,0.016
0.127,0.017
0.135,0.016
0.185,0.016
0.225,0.017
0.294,0.017
0.319,0.016
0.343,0.017
0.374,0.016
0.418,0.016
0.476,0.017
0.487,0.016
0.56,0.017
0.595,0.017
0.618,0.016
0.649,0.016
0.712,0.018
0.743,0.017
0.785,0.016
0.843,0.017
0.885,0.016
0.91,0.017
0.969,0.016
1.02,0.016
1.028,0.017
1.077,0.017
1.119,0.016
1.195,0.017
1.203,0.016
1.262,0.017
1.269,0.016
1.32,0.016
1.326,0.017
1.386,0.016
1.41,0.017
1.494,0.017
1.502,0.016
1.58,0.017
1.586,0.016
1.643,0.017
1.685,0.016
1.745,0.017
1.752,0.016
1.802,0.016
1.827,0.017
1.868,0.016
1.894,0.017
1.952,0.016
1.977,0.018
2.076,0.017
2.085,0.016
2.103,0.016
2.127,0.017
2.187,0.016
2.194,0.017
2.288,0.016
2.332,0.017
2.379,0.017
2.418,0.016
2.477,0.017
2.502,0.016
2.52,0.016
2.545,0.017
2.62,0.016
2.627,0.017
2.711,0.017
2.736,0.016
2.77,0.016
2.827,0.017
2.886,0.016
2.893,0.017
2.911,0.017
2.967,0.016
3.043,0.017
3.054,0.016
3.077,0.017
3.102,0.016
3.17,0.016
3.193,0.017
3.235,0.016
3.243,0.017
3.327,0.017
3.385,0.016
3.426,0.017
3.437,0.016
3.486,0.016
3.527,0.017
3.577,0.017
3.618,0.016
3.66,0.017
3.685,0.016
3.727,0.017
3.78,0.016
3.821,0.016
3.826,0.017
3.894,0.017
3.917,0.016
3.961,0.017
4.013,0.016
4.052,0.016
4.061,0.017
4.127,0.017
4.15,0.016
4.227,0.017
4.235,0.016
4.328,0.017
4.351,0.016
4.402,0.016
4.445,0.017
4.459,0.017
4.485,0.016
4.527,0.017
4.552,0.016
4.66,0.017
4.669,0.016
4.702,0.016
4.743,0.017
4.785,0.016
4.815,0.017
4.903,0.016
4.927,0.017
4.944,0.017
4.985,0.016
5.027,0.017
5.085,0.016
5.161,0.017
5.167,0.016
5.228,0.017
5.235,0.016
5.26,0.017
5.302,0.016
5.362,0.017
5.386,0.016
5.454,0.016
5.46,0.018
5.535,0.016
5.544,0.017
5.586,0.016
5.61,0.017
5.717,0.016
5.728,0.017
5.745,0.017
5.802,0.016
5.835,0.016
5.879,0.017
5.912,0.017
5.919,0.016
5.985,0.016
6.044,0.017
6.068,0.016
6.095,0.017
6.203,0.016
6.214,0.017
6.244,0.017
6.25,0.016
6.37,0.016
6.377,0.017
6.419,0.016
6.462,0.017
6.469,0.016
6.528,0.018
6.595,0.017
6.602,0.016
6.638,0.016
6.643,0.017
6.77,0.016
6.777,0.017
6.844,0.017
6.868,0.016
6.912,0.017
6.918,0.016
6.952,0.016
6.979,0.018
7.093,0.017
7.102,0.016
7.162,0.017
7.186,0.016
7.218,0.016
7.226,0.017
7.277,0.017
7.302,0.016
7.38,0.017
7.42,0.016
7.444,0.017
7.502,0.016
7.57,0.016
7.595,0.017
7.602,0.016
7.643,0.017
7.712,0.017
7.752,0.016
7.787,0.016
7.811,0.017
7.862,0.017
7.87,0.016
7.927,0.017
7.953,0.016
8.019,0.016
8.044,0.017
8.118,0.016
8.161,0.017
8.169,0.016
8.228,0.017
8.277,0.017
8.285,0.016
8.378,0.018
8.403,0.016
8.427,0.018
8.453,0.016
8.527,0.017
8.537,0.016
8.581,0.016
8.627,0.017
8.711,0.017
8.723,0.016
8.737,0.016
8.745,0.017
8.813,0.017
8.887,0.016
8.92,0.016
8.944,0.017
8.978,0.017
9.037,0.016
9.069,0.016
9.127,0.017
9.193,0.018
9.204,0.016
9.236,0.016
9.295,0.017
9.352,0.016
9.36,0.017
9.411,0.017
9.435,0.016
9.47,0.016
9.528,0.017
9.546,0.017
9.553,0.016
9.645,0.017
9.686,0.016
9.728,0.017
9.754,0.016
9.795,0.018
9.801,0.016
9.911,0.017
9.92,0.016
9.986,0.016
10.012,0.018
10.035,0.016
10.06,0.017
10.112,0.017
10.136,0.016
10.186,0.016
10.227,0.017
10.269,0.016
10.345,0.017
10.38,0.017
10.387,0.016
10.445,0.017
10.47,0.016
10.565,0.017
10.586,0.016
10.628,0.017
10.632,0.016
10.695,0.017
10.72,0.016
10.795,0.017
10.82,0.016
10.886,0.016
10.91,0.017
10.938,0.016
10.945,0.017
11.03,0.017
11.054,0.016
11.078,0.017
11.083,0.016
11.178,0.017
11.219,0.016
11.245,0.017
11.253,0.016
11.362,0.017
11.37,0.016
11.403,0.016
11.428,0.017
11.52,0.016
11.545,0.017
11.587,0.016
11.596,0.017
11.654,0.016
11.661,0.017
11.737,0.016
11.746,0.017
11.803,0.016
11.86,0.017
11.904,0.016
11.961,0.017
11.986,0.016
12.015,0.017
12.053,0.016
12.08,0.017
12.18,0.017
12.186,0.016
12.228,0.017
12.237,0.016
12.288,0.016
12.312,0.017
12.372,0.016
12.395,0.017
12.462,0.017
12.521,0.016
12.545,0.017
12.586,0.016
12.637,0.016
12.678,0.017
12.724,0.017
12.753,0.016
12.804,0.016
12.831,0.017
12.855,0.016
12.879,0.017
12.968,0.017
12.986,0.016
13.022,0.016
13.063,0.017
13.129,0.018
13.171,0.016
13.204,0.016
13.241,0.017
13.287,0.016
13.312,0.017
13.344,0.018
13.387,0.016
13.488,0.016
13.498,0.017
13.505,0.016
13.528,0.017
13.637,0.016
13.645,0.017
13.704,0.016
13.712,0.017
13.745,0.017
13.771,0.016
13.836,0.016
13.846,0.017
13.922,0.016
13.962,0.017
14.02,0.016
14.062,0.017
14.07,0.016
14.078,0.017
14.18,0.017
14.186,0.016
14.23,0.017
14.237,0.016
14.336,0.016
14.349,0.017
14.413,0.017
14.417,0.016
14.521,0.016
14.53,0.017
14.553,0.016
14.597,0.017
14.69,0.016
14.696,0.017
14.764,0.017
14.792,0.016
14.847,0.017
14.854,0.016
14.89,0.016
14.93,0.017
15.005,0.016
15.03,0.017
15.067,0.017
15.071,0.016
15.155,0.016
15.18,0.017
15.214,0.017
15.222,0.016
15.298,0.017
15.354,0.016
15.37,0.016
15.38,0.017
15.455,0.016
15.513,0.017
15.539,0.016
15.596,0.017
15.647,0.017
15.654,0.016
15.706,0.016
15.729,0.017
15.765,0.017
15.84,0.016
15.855,0.016
15.897,0.017
15.941,0.016
15.964,0.017
16.021,0.016
16.049,0.017
16.129,0.017
16.155,0.016
16.184,0.017
16.221,0.016
16.256,0.016
16.281,0.017
16.347,0.017
16.37,0.016
16.414,0.017
16.421,0.016
16.523,0.016
16.548,0.017
16.606,0.016
16.63,0.017
16.672,0.016
16.715,0.017
16.755,0.016
16.779,0.017
16.848,0.017
16.888,0.016
16.896,0.017
16.96,0.016
16.98,0.017
17.04,0.016
17.097,0.017
17.105,0.016
17.14,0.016
17.214,0.017
17.238,0.016
17.28,0.017
17.298,0.017
17.373,0.016
17.39,0.016
17.432,0.017
17.472,0.016
17.499,0.017
17.581,0.017
17.606,0.016
17.64,0.016
17.698,0.017
17.706,0.016
17.75,0.017
17.813,0.017
17.857,0.016
17.898,0.017
17.905,0.016
17.972,0.016
18.015,0.017
18.081,0.018
18.091,0.016
18.107,0.016
18.13,0.017
18.191,0.016
18.198,0.017
18.342,0.016
18.348,0.017
18.365,0.017
18.423,0.016
18.498,0.017
18.506,0.016
18.522,0.016
18.582,0.017
18.607,0.016
18.665,0.017
18.675,0.016
18.688,0.017
18.79,0.016
18.832,0.017
18.84,0.016
18.849,0.017
18.924,0.016
18.968,0.017
19.023,0.016
19.032,0.017
19.077,0.016
19.082,0.017
19.175,0.016
19.232,0.017
19.307,0.016
19.316,0.017
19.324,0.016
19.327,0.017
19.436,0.017
19.457,0.016
19.532,0.017
19.557,0.016
19.592,0.016
19.616,0.017
19.646,0.017
19.675,0.016
19.723,0.016
19.739,0.017
19.816,0.017
19.823,0.016
19.933,0.017
19.942,0.016
19.993,0.016
20.032,0.017
20.066,0.017
20.075,0.016
20.173,0.016
20.184,0.017
20.216,0.017
20.259,0.016
20.294,0.016
20.366,0.017
20.392,0.016
20.433,0.017
20.475,0.016
20.5,0.017
20.54,0.016
20.568,0.017
20.646,0.016
20.666,0.017
20.724,0.016
20.766,0.018
20.842,0.016
20.849,0.017
20.892,0.016
20.9,0.017
20.974,0.016
20.999,0.017
21.033,0.017
21.06,0.016
21.132,0.017
21.159,0.016
21.191,0.016
21.246,0.017
21.275,0.016
21.301,0.017
21.35,0.017
21.365,0.016
21.426,0.016
21.485,0.017
21.559,0.016
21.566,0.018
21.591,0.016
21.616,0.017
21.725,0.016
21.735,0.017
21.774,0.016
21.801,0.017
21.851,0.017
21.875,0.016
21.917,0.017
21.942,0.016
22.052,0.017
22.059,0.016
22.108,0.016
22.112,0.017
22.209,0.016
22.219,0.017
22.252,0.017
22.292,0.016
22.316,0.017
22.376,0.016
22.417,0.017
22.458,0.016
22.487,0.017
22.525,0.016
22.585,0.017
22.625,0.016
22.7,0.017
22.708,0.016
22.728,0.016
22.751,0.017
22.851,0.017
22.858,0.016
22.876,0.016
22.901,0.017
22.959,0.016
23.001,0.017
23.068,0.017
23.092,0.016
23.158,0.016
23.184,0.017
23.21,0.016
23.269,0.017
23.285,0.017
23.344,0.016
23.391,0.016
23.434,0.017
23.443,0.016
23.452,0.017
23.542,0.016
23.55,0.017
23.619,0.017
23.642,0.016
23.701,0.017
23.744,0.016
23.809,0.016
23.817,0.017
23.851,0.017
23.858,0.016
23.96,0.016
23.968,0.017
24.02,0.017
24.059,0.016
24.137,0.017
24.16,0.016
24.185,0.017
24.226,0.016
24.269,0.017
24.31,0.016
24.34,0.017
24.377,0.016
24.419,0.017
24.473,0.016
24.542,0.016
24.55,0.017
24.618,0.017
24.626,0.016
24.685,0.017
24.712,0.016
24.77,0.017
24.81,0.016
24.877,0.016
24.887,0.017
24.902,0.017
24.926,0.016
24.981,0.017
25.01,0.016
25.109,0.016
25.135,0.017
25.144,0.016
25.169,0.018
25.268,0.018
25.292,0.016
25.327,0.016
25.368,0.017
25.393,0.016
25.419,0.017
25.469,0.017
25.514,0.016
25.58,0.016
25.62,0.018
25.659,0.016
25.67,0.017
25.742,0.016
25.752,0.017
25.793,0.016
25.802,0.017
25.91,0.016
25.935,0.017
25.952,0.017
25.96,0.016
26.06,0.016
26.086,0.017
26.127,0.016
26.153,0.017
26.21,0.016
26.22,0.017
26.293,0.016
26.351,0.017
26.385,0.017
26.394,0.016
26.444,0.016
26.451,0.017
26.545,0.016
26.584,0.017
26.61,0.016
26.653,0.017
26.719,0.017
26.744,0.016
26.776,0.016
26.787,0.017
26.86,0.016
26.902,0.017
26.952,0.017
26.961,0.016
27.001,0.017
27.077,0.016
27.102,0.017
27.143,0.016
27.16,0.016
27.17,0.017
27.311,0.016
27.321,0.017
27.368,0.017
27.378,0.016
27.46,0.016
27.468,0.017
27.493,0.016
27.518,0.017
27.569,0.017
27.629,0.016
27.645,0.016
27.669,0.017
27.744,0.016
27.753,0.017
27.81,0.016
27.849,0.017
27.911,0.016
27.953,0.017
27.993,0.016
28.003,0.017
28.052,0.017
28.061,0.016
28.177,0.016
28.185,0.017
28.227,0.016
28.286,0.017
28.294,0.016
28.369,0.017
28.387,0.017
28.426,0.016
28.468,0.017
28.528,0.016
28.57,0.017
28.611,0.016
28.627,0.016
28.67,0.017
28.727,0.016
28.753,0.017
28.786,0.017
28.848,0.016
28.878,0.016
28.888,0.017
28.97,0.017
28.978,0.016
29.05,0.017
29.061,0.016
29.137,0.017
29.178,0.016
29.187,0.017
29.245,0.016
29.295,0.016
29.32,0.017
29.352,0.017
29.395,0.016
29.427,0.016
29.454,0.017
29.511,0.016
29.57,0.017
29.595,0.016
29.602,0.017
29.666,0.017
29.696,0.016
29.769,0.017
29.807,0.016
29.872,0.017
29.894,0.016
29.92,0.017
29.944,0.016
30.019,0.017
30.045,0.016
30.104,0.017
30.128,0.016
30.16,0.016
30.17,0.017
30.277,0.016
30.304,0.017
30.319,0.017
30.344,0.016
30.447,0.016
30.454,0.017
30.546,0.016
30.552,0.017
30.578,0.016
30.62,0.017
30.66,0.016
30.703,0.018
30.741,0.017
30.779,0.016
30.803,0.017
30.829,0.016
30.895,0.016
30.952,0.017
30.987,0.017
31.01,0.016
31.059,0.017
31.065,0.016
31.139,0.017
31.144,0.016
31.221,0.017
31.227,0.016
31.302,0.017
31.345,0.016
31.378,0.016
31.436,0.017
31.48,0.016
31.486,0.018
31.57,0.017
31.579,0.016
31.645,0.016
31.654,0.017
31.695,0.016
31.738,0.017
31.787,0.018
31.827,0.016
31.851,0.016
31.919,0.017
31.995,0.016
32.0,0.017
32.028,0.016
32.069,0.017
32.111,0.016
32.119,0.017
32.228,0.016
32.237,0.017
32.255,0.017
32.295,0.016
32.369,0.017
32.396,0.016
32.47,0.017
32.48,0.016
32.511,0.016
32.553,0.017
32.596,0.016
32.654,0.017
32.678,0.016
32.705,0.017
32.787,0.017
32.796,0.016
32.834,0.017
32.862,0.016
32.938,0.017
32.962,0.016
33.004,0.018
33.045,0.016
33.062,0.016
33.086,0.017
33.163,0.016
33.22,0.017
33.228,0.016
33.287,0.017
33.338,0.017
33.346,0.016
33.387,0.018
33.427,0.016
33.529,0.016
33.538,0.017
33.58,0.016
33.619,0.017
33.677,0.016
33.686,0.017
33.721,0.017
33.746,0.016
33.821,0.017
33.862,0.016
33.87,0.017
33.879,0.016
33.97,0.017
33.996,0.016
34.032,0.016
34.054,0.017
34.12,0.017
34.18,0.016
34.206,0.017
34.23,0.016
34.289,0.017
34.313,0.016
34.387,0.017
34.428,0.016
34.497,0.016
34.505,0.017
34.53,0.016
34.537,0.017
34.605,0.017
34.662,0.016
34.685,0.016
34.722,0.017
34.829,0.016
34.838,0.017
34.879,0.016
34.887,0.017
34.929,0.016
34.97,0.017
35.02,0.017
35.03,0.016
35.095,0.016
35.121,0.017
35.228,0.016
35.237,0.017
35.29,0.017
35.296,0.016
35.328,0.016
35.387,0.017
35.432,0.017
35.479,0.016
35.53,0.016
35.537,0.017
35.571,0.017
35.645,0.016
35.679,0.016
35.687,0.017
35.78,0.016
35.804,0.017
35.82,0.017
35.831,0.016
35.892,0.017
35.962,0.016
35.971,0.017
35.996,0.016
36.056,0.017
36.062,0.016
36.137,0.018
36.179,0.016
36.231,0.016
36.27,0.017
36.364,0.016
36.372,0.017
36.38,0.016
36.387,0.017
36.472,0.017
36.53,0.016
36.554,0.017
36.578,0.016
36.638,0.017
36.662,0.016
36.737,0.017
36.747,0.016
36.797,0.016
36.819,0.017
36.888,0.017
36.896,0.016
36.972,0.017
36.997,0.016
37.062,0.016
37.088,0.017
37.113,0.016
37.139,0.017
37.204,0.017
37.212,0.016
37.305,0.017
37.329,0.016
37.38,0.016
37.405,0.017
37.472,0.017
37.495,0.016
37.564,0.016
37.571,0.017
37.612,0.016
37.654,0.017
37.697,0.016
37.737,0.017
37.805,0.017
37.812,0.016
37.869,0.016
37.871,0.017
37.914,0.016
37.956,0.017
38.013,0.016
38.038,0.017
38.11,0.016
38.12,0.017
38.204,0.017
38.213,0.016
38.262,0.016
38.271,0.017
38.354,0.017
38.395,0.016
38.437,0.017
38.463,0.016
38.487,0.017
38.497,0.016
38.562,0.016
38.604,0.017
38.679,0.016
38.705,0.017
38.747,0.016
38.754,0.017
38.832,0.016
38.871,0.017
38.887,0.017
38.913,0.016
38.98,0.016
38.987,0.017
39.063,0.016
39.105,0.017
39.164,0.016
39.171,0.017
39.23,0.016
39.272,0.017
39.306,0.017
39.363,0.016
39.404,0.017
39.431,0.016
39.455,0.017
39.48,0.016
39.562,0.016
39.605,0.017
39.66,0.017
39.662,0.016
39.695,0.016
39.737,0.017
39.805,0.017
39.829,0.016
39.864,0.016
39.903,0.017
39.938,0.017
39.98,0.016
40.022,0.017
40.046,0.016
40.096,0.016
40.122,0.017
40.192,0.017
40.212,0.016
40.271,0.017
40.297,0.016
40.337,0.017
40.395,0.016
40.455,0.017
40.464,0.016
40.522,0.017
40.53,0.016
40.604,0.017
40.614,0.016
40.689,0.017
40.73,0.016
40.796,0.016
40.82,0.017
40.873,0.017
40.88,0.016
40.922,0.017
40.929,0.016
41.004,0.017
41.031,0.016
41.112,0.016
41.12,0.017
41.213,0.016
41.221,0.017
41.249,0.016
41.272,0.017
41.355,0.017
41.38,0.016
41.397,0.016
41.405,0.018
41.497,0.016
41.525,0.017
41.597,0.016
41.604,0.017
41.646,0.016
41.704,0.017
41.724,0.017
41.781,0.016
41.805,0.017
41.829,0.016
41.89,0.017
41.947,0.016
41.955,0.017
41.979,0.016
42.038,0.017
42.113,0.016
42.179,0.016
42.189,0.017
42.247,0.016
42.272,0.017
42.279,0.016
42.305,0.017
42.401,0.018
42.413,0.016
42.447,0.016
42.472,0.017
42.523,0.017
42.563,0.016
42.621,0.017
42.631,0.016
42.713,0.016
42.721,0.017
42.822,0.017
42.83,0.016
42.879,0.016
42.904,0.017
42.954,0.017
42.996,0.016
43.014,0.016
43.054,0.017
43.12,0.017
43.146,0.016
43.198,0.016
43.205,0.017
43.246,0.016
43.289,0.017
43.346,0.016
43.371,0.017
43.427,0.017
43.462,0.016
43.539,0.017
43.563,0.016
43.604,0.017
43.631,0.016
43.654,0.017
43.679,0.016
43.78,0.016
43.802,0.017
43.838,0.017
43.845,0.016
43.955,0.017
43.962,0.016
43.987,0.017
44.046,0.016
44.089,0.017
44.112,0.016
44.19,0.017
44.196,0.016
44.255,0.017
44.281,0.016
44.322,0.017
44.363,0.016
44.378,0.016
44.422,0.017
44.522,0.017
44.53,0.016
44.589,0.017
44.613,0.016
44.638,0.017
44.696,0.016
44.737,0.018
44.763,0.016
44.788,0.017
44.846,0.016
44.873,0.017
44.896,0.016
44.947,0.016
45.005,0.017
45.034,0.017
45.081,0.016
45.113,0.016
45.139,0.017
45.187,0.017
45.213,0.016
45.286,0.016
45.305,0.017
45.395,0.016
45.42,0.017
45.43,0.016
45.504,0.017
45.537,0.018
45.579,0.016
45.621,0.017
45.648,0.016
45.673,0.017
45.745,0.016
45.772,0.017
45.825,0.016
45.855,0.018
45.862,0.016
45.954,0.017
45.964,0.016
45.999,0.017
46.063,0.016
46.088,0.018
46.126,0.016
46.162,0.016
46.173,0.018
46.246,0.016
46.256,0.017
46.32,0.017
46.363,0.016
46.422,0.017
46.464,0.016
46.541,0.017
46.546,0.016
46.564,0.016
46.589,0.017
46.656,0.017
46.679,0.016
46.739,0.018
46.795,0.016
46.814,0.016
46.872,0.017
46.939,0.017
46.946,0.016
47.034,0.016
47.039,0.017
47.061,0.017
47.114,0.016
47.155,0.018
47.197,0.016
47.212,0.016
47.221,0.017
47.322,0.017
47.33,0.016
47.389,0.017
47.432,0.016
47.489,0.017
47.513,0.016
47.555,0.017
47.597,0.016
47.614,0.016
47.622,0.017
47.723,0.017
47.763,0.016
47.83,0.016
47.835,0.017
47.855,0.017
47.862,0.016
47.947,0.016
47.971,0.017
48.056,0.017
48.08,0.016
48.115,0.016
48.171,0.017
48.195,0.016
48.222,0.017
48.303,0.017
48.33,0.016
48.347,0.016
48.372,0.017
48.438,0.017
48.447,0.016
48.546,0.016
48.555,0.017
48.605,0.018
48.613,0.016
48.704,0.017
48.729,0.016
48.76,0.017
48.764,0.016
48.864,0.016
48.887,0.018
48.915,0.016
48.972,0.017
49.004,0.017
49.03,0.016
49.089,0.017
49.112,0.016
49.188,0.017
49.197,0.016
49.255,0.017
49.277,0.016
49.352,0.017
49.366,0.016
49.415,0.016
49.456,0.017
49.513,0.016
49.537,0.017
49.564,0.016
49.589,0.017
49.646,0.016
49.69,0.017
49.714,0.016
49.755,0.017
49.855,0.017
49.863,0.016
49.888,0.017
49.897,0.016
49.989,0.017
49.995,0.016
50.046,0.016
50.071,0.017
50.139,0.017
50.149,0.016
50.239,0.017
50.265,0.016
50.33,0.016
50.355,0.017
50.428,0.016
50.439,0.018
50.447,0.016
50.457,0.017
50.59,0.017
50.598,0.016
50.605,0.017
50.614,0.016
50.746,0.016
50.756,0.017
50.773,0.017
50.82,0.016
50.865,0.016
50.899,0.017
50.94,0.017
50.948,0.016
51.013,0.016
51.021,0.017
51.096,0.016
51.122,0.017
51.215,0.016
51.222,0.017
51.289,0.017
51.316,0.016
51.331,0.016
51.39,0.017
51.431,0.016
51.472,0.017
51.539,0.018
51.547,0.016
51.615,0.016
51.638,0.017
51.697,0.016
51.722,0.017
51.782,0.016
51.79,0.017
51.831,0.016
51.873,0.017
51.94,0.017
51.965,0.016
52.006,0.017
52.042,0.016
52.072,0.017
52.115,0.016
52.14,0.017
52.147,0.016
52.23,0.016
52.255,0.017
52.312,0.016
52.373,0.017
52.381,0.016
52.405,0.017
52.532,0.016
52.535,0.017
52.548,0.016
52.605,0.017
52.635,0.016
52.639,0.017
52.725,0.017
52.764,0.016
52.824,0.017
52.847,0.016
52.898,0.016
52.906,0.017
52.947,0.016
52.989,0.017
53.039,0.017
53.047,0.016
53.139,0.017
53.166,0.016
53.206,0.017
53.232,0.016
53.282,0.016
53.291,0.017
53.373,0.017
53.415,0.016
53.432,0.016
53.49,0.017
53.547,0.016
53.572,0.017
53.599,0.016
53.641,0.017
53.699,0.016
53.723,0.017
53.815,0.016
53.826,0.017
53.855,0.017
53.914,0.016
53.922,0.017
53.932,0.016
54.014,0.016
54.072,0.017
54.082,0.016
54.125,0.017
54.181,0.016
54.206,0.017
54.273,0.017
54.282,0.016
54.364,0.016
54.39,0.017
54.406,0.017
54.431,0.016
54.498,0.016
54.54,0.017
54.573,0.017
54.614,0.016
54.656,0.017
54.665,0.016
54.782,0.016
54.792,0.017
54.807,0.017
54.815,0.016
54.898,0.016
54.941,0.017
54.981,0.016
55.024,0.017
55.074,0.017
55.082,0.016
55.172,0.018
55.197,0.016
55.241,0.017
55.263,0.016
55.305,0.017
55.33,0.016
55.373,0.017
55.446,0.016
55.507,0.017
55.532,0.016
55.564,0.016
55.572,0.017
55.64,0.017
55.666,0.016
55.715,0.016
55.722,0.017
55.781,0.016
55.824,0.017
55.858,0.017
55.881,0.016
55.957,0.017
55.998,0.016
56.022,0.017
56.081,0.016
56.113,0.016
56.139,0.017
56.231,0.016
56.257,0.017
56.265,0.016
56.291,0.017
56.341,0.017
56.382,0.016
56.449,0.016
56.457,0.017
56.546,0.016
56.555,0.017
56.607,0.017
56.647,0.016
56.68,0.016
56.743,0.017
56.782,0.016
56.792,0.017
56.885,0.016
56.906,0.017
56.907,0.017
56.931,0.016
57.031,0.016
57.057,0.017
57.14,0.017
57.149,0.016
57.192,0.017
57.203,0.016
57.233,0.016
57.273,0.017
57.324,0.017
57.365,0.016
57.406,0.017
57.466,0.016
57.472,0.017
57.499,0.016
57.557,0.017
57.598,0.016
57.641,0.017
57.714,0.016
57.717,0.016
57.725,0.017
57.84,0.017
57.848,0.016
57.884,0.016
57.89,0.017
57.992,0.017
58.014,0.016
58.09,0.017
58.098,0.016
58.157,0.017
58.182,0.016
58.231,0.016
58.259,0.018
58.308,0.017
58.316,0.016
58.365,0.016
58.39,0.017
58.473,0.018
58.499,0.016
58.565,0.016
58.591,0.018
58.616,0.016
58.658,0.017
58.739,0.017
58.765,0.016
58.805,0.017
58.815,0.016
58.848,0.016
58.857,0.017
58.932,0.016
58.991,0.017
59.041,0.017
59.084,0.016
59.091,0.017
59.132,0.016
59.207,0.017
59.232,0.016
59.273,0.018
59.3,0.016
59.348,0.016
59.376,0.017
59.44,0.017
59.484,0.016
59.542,0.017
59.565,0.016
59.631,0.016
59.64,0.017
59.667,0.016
59.723,0.017
59.75,0.016
59.807,0.017
59.839,0.017
59.885,0.016
59.901,0.016
59.941,0.017
60.008,0.017
60.017,0.016
60.065,0.016
60.107,0.017
60.157,0.017
60.212,0.016
60.235,0.016
60.258,0.017
60.315,0.016
60.323,0.017
60.392,0.017
60.4,0.016
60.5,0.016
60.541,0.017
60.548,0.016
60.575,0.017
60.674,0.017
60.682,0.016
60.712,0.017
60.785,0.016
60.8,0.016
60.825,0.017
60.868,0.016
60.874,0.017
60.985,0.016
61.025,0.017
61.042,0.017
61.067,0.016
61.124,0.017
61.132,0.016
61.192,0.017
61.231,0.016
61.299,0.016
61.307,0.017
61.392,0.017
61.402,0.016
61.458,0.017
61.501,0.016
61.531,0.016
61.576,0.017
61.597,0.016
61.658,0.017
61.74,0.017
61.749,0.016
61.767,0.016
61.808,0.017
61.851,0.016
61.859,0.017
61.992,0.018
61.997,0.016
62.015,0.016
62.042,0.017
62.125,0.017
62.133,0.016
62.192,0.017
62.217,0.016
62.242,0.018
62.282,0.016
62.359,0.017
62.366,0.016
62.408,0.017
62.417,0.016
62.517,0.016
62.525,0.017
62.584,0.016
62.607,0.017
62.661,0.017
62.7,0.016
62.742,0.017
62.766,0.016
62.87,0.017
62.884,0.016
62.907,0.017
62.917,0.016
63.001,0.016
63.022,0.017
63.1,0.016
63.125,0.017
63.158,0.017
63.171,0.016
63.217,0.016
63.241,0.017
63.317,0.016
63.363,0.017
63.375,0.017
63.451,0.016
63.484,0.016
63.492,0.017
63.592,0.017
63.602,0.016
63.65,0.016
63.675,0.017
63.759,0.018
63.767,0.016
63.799,0.016
63.809,0.017
63.9,0.016
63.912,0.017
63.958,0.017
63.968,0.016
64.025,0.017
64.067,0.016
64.142,0.017
64.169,0.016
64.242,0.017
64.262,0.016
64.284,0.016
64.326,0.017
64.367,0.016
64.376,0.017
64.458,0.017
64.502,0.016
64.51,0.017
64.585,0.016
64.633,0.016
64.659,0.017
64.704,0.017
64.734,0.016
64.775,0.017
64.817,0.016
64.867,0.016
64.876,0.017
64.943,0.017
64.949,0.016
65.0,0.016
65.026,0.017
65.101,0.016
65.11,0.017
65.158,0.017
65.199,0.016
65.268,0.016
65.31,0.017
65.325,0.017
65.385,0.016
65.452,0.016
65.46,0.017
65.5,0.016
65.526,0.017
65.568,0.016
65.623,0.017
65.645,0.016
65.659,0.017
65.725,0.017
65.734,0.016
65.818,0.016
65.844,0.017
65.883,0.016
65.91,0.017
66.01,0.017
66.017,0.016
66.06,0.017
66.074,0.016
66.134,0.016
66.158,0.017
66.244,0.017
66.25,0.016
66.317,0.016
66.326,0.017
66.426,0.017
66.433,0.016
66.459,0.017
66.502,0.016
66.55,0.016
66.578,0.017
66.65,0.016
66.678,0.017
66.709,0.017
66.734,0.016
66.818,0.016
66.842,0.017
66.86,0.017
66.885,0.016
66.95,0.016
66.977,0.017
67.033,0.016
67.06,0.017
67.1,0.016
67.125,0.017
67.177,0.017
67.202,0.016
67.268,0.016
67.325,0.017
67.393,0.018
67.402,0.016
67.442,0.017
67.451,0.016
67.542,0.017
67.567,0.016
67.602,0.016
67.642,0.017
67.677,0.017
67.734,0.016
67.751,0.016
67.761,0.017
67.827,0.017
67.885,0.016
67.901,0.016
67.927,0.018
68.017,0.016
68.06,0.017
68.076,0.017
68.102,0.016
68.178,0.017
68.202,0.016
68.26,0.017
68.284,0.016
68.31,0.017
68.318,0.016
68.392,0.017
68.434,0.016
68.501,0.016
68.509,0.017
68.594,0.017
68.602,0.016
68.678,0.017
68.684,0.016
68.735,0.016
68.777,0.018
68.845,0.017
68.87,0.016
68.87,0.016
68.927,0.017
68.952,0.016
68.959,0.017
69.052,0.016
69.077,0.017
69.145,0.017
69.184,0.016
69.245,0.018
69.268,0.016
69.301,0.016
69.326,0.017
69.403,0.016
69.411,0.017
69.46,0.017
69.502,0.016
69.518,0.016
69.543,0.017
69.643,0.017
69.668,0.016
69.702,0.016
69.743,0.017
69.795,0.017
69.805,0.016
69.853,0.016
69.877,0.017
69.934,0.016
69.961,0.017
70.019,0.016
70.077,0.017
70.093,0.017
70.137,0.016
70.206,0.017
70.218,0.016
70.252,0.016
70.26,0.017
70.385,0.016
70.395,0.017
70.411,0.017
70.451,0.016
70.494,0.017
70.552,0.016
70.602,0.016
70.626,0.017
70.658,0.016
70.713,0.017
70.752,0.016
70.761,0.017
70.845,0.017
70.887,0.016
70.92,0.016
70.962,0.017
70.977,0.017
70.986,0.016
71.06,0.017
71.086,0.016
71.135,0.016
71.194,0.017
71.227,0.017
71.254,0.016
71.312,0.017
71.335,0.016
71.387,0.016
71.429,0.017
71.495,0.017
71.52,0.016
71.561,0.017
71.57,0.016
71.618,0.016
71.628,0.017
71.704,0.016
71.778,0.017
71.805,0.017
71.837,0.016
71.877,0.017
71.936,0.016
71.961,0.017
71.969,0.016
72.037,0.016
72.044,0.017
72.152,0.016
72.161,0.017
72.202,0.016
72.261,0.018
72.27,0.016
72.3,0.017
72.377,0.017
72.42,0.016
72.446,0.017
72.452,0.016
72.535,0.016
72.544,0.017
72.637,0.016
72.665,0.017
72.679,0.017
72.685,0.016
72.769,0.016
72.791,0.017
72.845,0.017
72.869,0.016
72.97,0.016
72.978,0.018
73.046,0.017
73.055,0.016
73.079,0.017
73.137,0.016
73.195,0.017
73.22,0.016
73.235,0.016
73.26,0.017
73.369,0.016
73.395,0.017
73.428,0.017
73.47,0.016
73.504,0.016
73.513,0.017
73.561,0.017
73.571,0.016
73.663,0.017
73.713,0.016
73.761,0.017
73.786,0.016
73.82,0.016
73.844,0.017
73.905,0.016
73.962,0.017
73.971,0.016
74.029,0.017
74.069,0.016
74.112,0.017
74.143,0.016
74.177,0.017
74.255,0.016
74.262,0.017
74.332,0.016
74.35,0.017
74.412,0.017
74.436,0.016
74.495,0.017
74.523,0.016
74.578,0.017
74.587,0.016
74.655,0.016
74.677,0.017
74.746,0.017
74.77,0.016
74.795,0.017
74.819,0.016
74.92,0.016
74.927,0.017
74.969,0.016
74.992,0.017
75.029,0.017
75.057,0.016
75.112,0.017
75.171,0.016
75.189,0.016
75.195,0.017
75.317,0.016
75.328,0.017
75.387,0.016
75.396,0.017
75.486,0.016
75.497,0.017
75.563,0.017
75.571,0.016
75.621,0.016
75.645,0.017
75.679,0.017
75.721,0.016
75.761,0.017
75.803,0.016
75.862,0.017
75.885,0.016
75.911,0.017
75.957,0.016
76.045,0.017
76.054,0.016
76.07,0.016
76.145,0.017
76.164,0.017
76.205,0.016
76.236,0.016
76.285,0.017
76.32,0.016
76.363,0.017
76.397,0.017
76.438,0.016
76.47,0.016
76.53,0.017
76.555,0.016
76.629,0.017
76.663,0.017
76.67,0.016
76.711,0.017
76.771,0.016
76.796,0.017
76.84,0.016
76.926,0.016
76.928,0.017
77.005,0.016
77.029,0.017
77.037,0.016
77.078,0.017
77.127,0.017
77.137,0.016
77.236,0.016
77.245,0.017
77.296,0.017
77.305,0.016
77.37,0.016
77.412,0.017
77.461,0.017
77.487,0.016
77.545,0.017
77.586,0.016
77.615,0.017
77.671,0.016
77.72,0.016
77.73,0.017
77.778,0.017
77.805,0.016
77.865,0.017
77.867,0.016
77.937,0.016
77.997,0.017
78.005,0.016
78.013,0.017
78.129,0.017
78.139,0.016
78.204,0.016
78.215,0.017
78.28,0.017
78.317,0.016
78.33,0.017
78.388,0.016
78.425,0.016
78.48,0.017
78.512,0.017
78.553,0.016
78.631,0.017
78.639,0.016
78.656,0.016
78.663,0.017
78.771,0.016
78.797,0.017
78.845,0.017
78.872,0.016
78.932,0.017
78.937,0.016
78.996,0.017
79.037,0.016
79.079,0.017
79.088,0.016
79.156,0.016
79.165,0.017
79.255,0.016
79.263,0.017
79.33,0.017
79.338,0.016
79.38,0.017
79.455,0.016
79.472,0.016
79.53,0.017
79.563,0.017
79.588,0.016
79.671,0.016
79.698,0.017
79.755,0.016
79.781,0.017
79.788,0.016
79.847,0.017
79.905,0.016
79.929,0.017
79.982,0.017
79.988,0.016
80.064,0.017
80.088,0.016
80.123,0.016
80.177,0.017
80.231,0.017
80.24,0.016
80.297,0.017
